"ID","NAME","CAPACITY","ROOMTYPE","ADDRESS","MUNICIPALITY"
602,"RESTAURANTE TÍPICO A TIPÓIA",60,9,"RUA DO NORTE 100-102",1106
603,"AUDITÓRIO PHILIPPE FRIEDMAN",271,7,"AVENIDA LUIS BIVAR  91",1106
604,"TEATRO COMUNA - SALA NOVA",123,1,"PRAÇA DE ESPANHA",1106
605,"SALA UM DA COMUNA-BLACK BOX",90,1,"PRAÇA DE ESPANHA",1106
606,"CAFÉ CONCERTO - TEATRO COMUNA",180,2,"PRAÇA DE ESPANHA",1106
607,"TEATRO COMUNA - SALA DAS NOVAS TENDÊNCIAS",104,5,"PRAÇA DE ESPANHA",1106
608,"AULA MAGNA DA REITORIA DA UNIVERSIDADE DE LISBOA",1678,7,"CIDADE UNIVERSITÁRIA-CAMPO GRANDE",1106
609,"CINEMA MONUMENTAL - SALA 1",164,15,"CENTRO COMERCIAL MONUMENTAL-AV PRAIA DA VITÓRIA 71",1106
610,"CINEMA MONUMENTAL - SALA 2",121,15,"CENTRO COMERCIAL MONUMENTAL-AV PRAIA DA VITÓRIA 71",1106
611,"CINEMA MONUMENTAL - SALA 3",123,15,"CENTRO COMERCIAL MONUMENTAL-AV PRAIA DA VITÓRIA 71",1106
612,"CINEMA MONUMENTAL - SALA 4",374,14,"CENTRO COMERCIAL MONUMENTAL-AV PRAIA DA VITÓRIA 71",1106
613,"GRANDE AUDITÓRIO DA FUNDAÇÃO CALOUSTE GULBENKIAN",1228,7,"AVENIDA DE BERNA  45A",1106
614,"AUDITÓRIO 2 DA FUNDAÇÃO CALOUSTE GULBENKIAN",345,7,"AVENIDA DE BERNA  45A",1106
615,"AUDITÓRIO DO CENTRO DE ARTE MODERNA GULBENKIAN",143,7,"AVENIDA DE BERNA  45A",1106
616,"ÁTRIO DA BIBL E MUSEU DA FUND CALOUSTE GULBENKIAN",140,8,"AVENIDA DE BERNA  45A",1106
617,"ANFITEATRO AO AR LIVRE DA FUND CALOUSTE GULBENKIAN",1200,10,"AVENIDA DE BERNA  45A",1106
618,"AUDITÓRIO 3 DA FUNDAÇÃO CALOUSTE GULBENKIAN",133,7,"AVENIDA DE BERNA  45A",1106
619,"TEATRO NACIONAL D MARIA II - SALA GARRETT",444,1,"PRAÇA DOM PEDRO IV (ROSSIO)",1106
620,"TEATRO NACIONAL D MARIA II – SALA AMÉLIA REY COLAÇO",91,1,"PRAÇA DOM PEDRO IV (ROSSIO)",1106
621,"TEATRO DO BAIRRO ALTO - CORNUCÓPIA",121,1,"RUA TENENTE RAUL CASCAIS  1A",1106
622,"TEATRO TABORDA",150,1,"COSTA DO CASTELO  75",1106
623,"GRANDE AUDITÓRIO DA CULTURGEST",640,7,"AVENIDA JOÃO XXI  63",1106
624,"PEQUENO AUDITÓRIO DA CULTURGEST",149,7,"AVENIDA JOÃO XXI  63",1106
625,"GRANDE AUDITÓRIO DO CENTRO CULTURAL DE BELÉM",1503,7,"PRAÇA DO IMPÉRIO",1106
626,"PEQUENO AUDITÓRIO C C BELÉM (SALA ED.PRADO COELHO)",351,7,"PRAÇA DO IMPÉRIO",1106
627,"SALA BLACK BOX DO CENTRO CULTURAL DE BELÉM",70,5,"PRAÇA DO IMPÉRIO",1106
628,"TEATRO NACIONAL DE SÃO CARLOS",956,1,"RUA SERPA PINTO  9",1106
629,"SALÃO NOBRE DO TEATRO NACIONAL DE SÃO CARLOS",150,1,"RUA SERPA PINTO  9",1106
630,"FOYER DO TEATRO NACIONAL DE SÃO CARLOS",100,1,"RUA SERPA PINTO  9",1106
631,"CINEMAS COLOMBO - SALA 1",237,15,"CENTRO COMERCIAL COLOMBO-AVENIDA DOS LUSÍADAS",1106
632,"CINEMAS COLOMBO - SALA 2",88,15,"CENTRO COMERCIAL COLOMBO-AVENIDA DOS LUSÍADAS",1106
633,"CINEMAS COLOMBO - SALA 3",239,15,"CENTRO COMERCIAL COLOMBO-AVENIDA DOS LUSÍADAS",1106
634,"CINEMAS COLOMBO - SALA 4",362,15,"CENTRO COMERCIAL COLOMBO-AVENIDA DOS LUSÍADAS",1106
635,"CINEMAS COLOMBO - SALA 5",362,15,"CENTRO COMERCIAL COLOMBO-AVENIDA DOS LUSÍADAS",1106
636,"CINEMAS COLOMBO - SALA 6",275,15,"CENTRO COMERCIAL COLOMBO-AVENIDA DOS LUSÍADAS",1106
637,"CINEMAS COLOMBO - SALA 7",99,15,"CENTRO COMERCIAL COLOMBO-AVENIDA DOS LUSÍADAS",1106
638,"CINEMAS COLOMBO - SALA 8",260,15,"CENTRO COMERCIAL COLOMBO-AVENIDA DOS LUSÍADAS",1106
639,"CINEMAS COLOMBO - SALA 9",204,15,"CENTRO COMERCIAL COLOMBO-AVENIDA DOS LUSÍADAS",1106
640,"CINEMAS COLOMBO - SALA 10",361,15,"CENTRO COMERCIAL COLOMBO-AVENIDA DOS LUSÍADAS",1106
641,"CINEMAS COLOMBO - SALA IMAX",374,15,"CENTRO COMERCIAL COLOMBO-AVENIDA DOS LUSÍADAS",1106
642,"CINE-TEATRO GYMNASIUM",198,14,"RUA DA MISERICÓRDIA 12 2º",1106
643,"TEATRO DA POLITÉCNICA",68,1,"RUA DA ESCOLA POLITÉCNICA",1106
644,"TEATRO IBÉRICO",169,1,"RUA DE XABREGAS  54",1106
645,"SALA ATLÂNTICO DO MEO ARENA",20000,12,"PARQUE DAS NAÇÕES",1106
646,"SALA TEJO DO MEO ARENA",4000,12,"PARQUE DAS NAÇÕES",1106
647,"TEATRO CAMÕES",1000,1,"PASSEIO DE NEPTUNO EXPO",1106
648,"AUDITÓRIO DOS OCEANOS DO CASINO DE LISBOA",634,7,"ALAMEDA DOS OCEANOS LOTE 1.03.1- PARQUE DAS NAÇÕES",1106
649,"ARENA LOUNGE DO CASINO DE LISBOA",700,8,"PARQUE DAS NAÇÕES",1106
650,"CINEMAS VASCO DA GAMA - SALA 1",141,15,"CENTRO COMERCIAL VASCO DA GAMA-PARQUE DAS NAÇÕES",1106
651,"CINEMAS VASCO DA GAMA - SALA 2",118,15,"CENTRO COMERCIAL VASCO DA GAMA-PARQUE DAS NAÇÕES",1106
652,"CINEMAS VASCO DA GAMA - SALA 3",80,15,"CENTRO COMERCIAL VASCO DA GAMA-PARQUE DAS NAÇÕES",1106
653,"CINEMAS VASCO DA GAMA - SALA 4",267,15,"CENTRO COMERCIAL VASCO DA GAMA-PARQUE DAS NAÇÕES",1106
654,"CINEMAS VASCO DA GAMA - SALA 5",267,15,"CENTRO COMERCIAL VASCO DA GAMA-PARQUE DAS NAÇÕES",1106
655,"CINEMAS VASCO DA GAMA - SALA 6",94,15,"CENTRO COMERCIAL VASCO DA GAMA-PARQUE DAS NAÇÕES",1106
656,"TEATRO ARMANDO CORTEZ",304,7,"ESTRADA DA PONTINHA  7",1106
657,"TEATRO ABERTO - SALA AZUL",418,1,"PRAÇA DE ESPANHA",1106
658,"TEATRO ABERTO - SALA VERMELHA",149,5,"PRAÇA DE ESPANHA",1106
659,"CHAPITÔ",70,8,"RUA COSTA DO CASTELO  7",1106
660,"CINEMATECA JÚNIOR / CINEMA PALÁCIO FOZ",124,17,"PALÁCIO FOZ - PRAÇA DOS RESTAURADORES",1106
661,"CINEMA UCI / EL CORTE INGLÊS - SALA 1",116,15,"AVENIDA ANTÓNIO AUGUSTO DE AGUIAR 31",1106
662,"CINEMA UCI / EL CORTE INGLÊS - SALA 2",146,15,"AVENIDA ANTÓNIO AUGUSTO DE AGUIAR 31",1106
663,"CINEMA UCI / EL CORTE INGLÊS - SALA 3",146,15,"AVENIDA ANTÓNIO AUGUSTO DE AGUIAR 31",1106
664,"CINEMA UCI / EL CORTE INGLÊS - SALA 4",146,15,"AVENIDA ANTÓNIO AUGUSTO DE AGUIAR 31",1106
665,"CINEMA UCI / EL CORTE INGLÊS - SALA 5",178,15,"AVENIDA ANTÓNIO AUGUSTO DE AGUIAR 31",1106
666,"CINEMA UCI / EL CORTE INGLÊS - SALA 6",246,15,"AVENIDA ANTÓNIO AUGUSTO DE AGUIAR 31",1106
667,"CINEMA UCI / EL CORTE INGLÊS - SALA 7",95,15,"AVENIDA ANTÓNIO AUGUSTO DE AGUIAR 31",1106
668,"CINEMA UCI / EL CORTE INGLÊS - SALA 8",133,15,"AVENIDA ANTÓNIO AUGUSTO DE AGUIAR 31",1106
669,"CINEMA UCI / EL CORTE INGLÊS - SALA 9",407,15,"AVENIDA ANTÓNIO AUGUSTO DE AGUIAR 31",1106
670,"CINEMA UCI / EL CORTE INGLÊS - SALA 10",140,15,"AVENIDA ANTÓNIO AUGUSTO DE AGUIAR 31",1106
671,"CINEMA UCI / EL CORTE INGLÊS - SALA 11",151,15,"AVENIDA ANTÓNIO AUGUSTO DE AGUIAR 31",1106
672,"CINEMA UCI / EL CORTE INGLÊS - SALA 12",378,15,"AVENIDA ANTÓNIO AUGUSTO DE AGUIAR 31",1106
673,"CINEMA UCI / EL CORTE INGLÊS - SALA 13",237,15,"AVENIDA ANTÓNIO AUGUSTO DE AGUIAR 31",1106
674,"CINEMA UCI / EL CORTE INGLÊS - SALA 14",179,15,"AVENIDA ANTÓNIO AUGUSTO DE AGUIAR 31",1106
675,"CINEMA CITY CLASSIC ALVALADE - SALA 1",91,15,"AVENIDA DE ROMA 100",1106
676,"CINEMA CITY CLASSIC ALVALADE - SALA 2",102,15,"AVENIDA DE ROMA 100",1106
677,"CINEMA CITY CLASSIC ALVALADE - SALA 3",114,15,"AVENIDA DE ROMA 100",1106
678,"CINEMA CITY CLASSIC ALVALADE - SALA 4",82,15,"AVENIDA DE ROMA 100",1106
679,"LOBBY FOYER DO CINEMA CITY CLASSIC ALVALADE",50,8,"AVENIDA DE ROMA 100",1106
680,"CINEMATECA - SALA DR.FÉLIX RIBEIRO",227,15,"RUA BARATA SALGUEIRO 39",1106
681,"CINEMATECA - SALA LUÍS DE PINA",47,15,"RUA BARATA SALGUEIRO 39",1106
682,"TEATRO ESTUDIO MÁRIO VIEGAS",108,5,"RUA ANTÓNIO MARIA CARDOSO",1106
683,"AUDITÓRIO DO MUSEU DO ORIENTE",356,7,"AVENIDA BRASÍLIA - DOCA DE ALCÂNTARA NORTE",1106
684,"AUDITÓRIO DA BIBLIOTECA MUNICIPAL ORLANDO RIBEIRO",142,7,"ANTIGO SOLAR DA NORA - ESTRADA DE TELHEIRAS",1106
685,"CINEMA ALVALÁXIA - SALA 1",270,15,"ALVALÁXIA-SHOPPING e LAZER - RUA FRANCISCO STROMP",1106
686,"CINEMA ALVALÁXIA - SALA 2",270,15,"ALVALÁXIA-SHOPPING e LAZER - RUA FRANCISCO STROMP",1106
687,"CINEMA ALVALÁXIA - SALA 3",346,15,"ALVALÁXIA-SHOPPING e LAZER - RUA FRANCISCO STROMP",1106
688,"CINEMA ALVALÁXIA - SALA 4",346,15,"ALVALÁXIA-SHOPPING e LAZER - RUA FRANCISCO STROMP",1106
689,"CINEMA ALVALÁXIA - SALA 5",191,15,"ALVALÁXIA-SHOPPING e LAZER - RUA FRANCISCO STROMP",1106
690,"CINEMA ALVALÁXIA - SALA 6",191,15,"ALVALÁXIA-SHOPPING e LAZER - RUA FRANCISCO STROMP",1106
691,"CINEMA ALVALÁXIA - SALA 7",270,15,"ALVALÁXIA-SHOPPING e LAZER - RUA FRANCISCO STROMP",1106
692,"CINEMA ALVALÁXIA - SALA 8",270,15,"ALVALÁXIA-SHOPPING e LAZER - RUA FRANCISCO STROMP",1106
693,"CINEMA ALVALÁXIA - SALA 9",101,15,"ALVALÁXIA-SHOPPING e LAZER - RUA FRANCISCO STROMP",1106
694,"CINEMA ALVALÁXIA - SALA 10",101,15,"ALVALÁXIA-SHOPPING e LAZER - RUA FRANCISCO STROMP",1106
695,"CINEMA ALVALÁXIA - SALA 11",101,15,"ALVALÁXIA-SHOPPING e LAZER - RUA FRANCISCO STROMP",1106
696,"CINEMA ALVALÁXIA - SALA 12",101,15,"ALVALÁXIA-SHOPPING e LAZER - RUA FRANCISCO STROMP",1106
697,"TEATRO DO PRINCIPE REAL D. LUIS FILIPE DE BRAGANÇA",178,1,"LARGO DA LUZ - BENFICA",1106
698,"AUDITÓRIO CAMÕES",200,7,"PRAÇA JOSÉ FONTANA",1106
699,"CASA DE FADOS GUITARRAS DE LISBOA",44,9,"BECO DO MELO 1  JARDIM DO TABACO",1106
700,"CINEMA CITY CAMPO PEQUENO - SALA 1",124,15,"CENTRO DE LAZER - CAMPO PEQUENO",1106
701,"CINEMA CITY CAMPO PEQUENO - SALA 2",268,15,"CENTRO DE LAZER - CAMPO PEQUENO",1106
702,"CINEMA CITY CAMPO PEQUENO - SALA 3",189,15,"CENTRO DE LAZER - CAMPO PEQUENO",1106
703,"CINEMA CITY CAMPO PEQUENO - SALA 4",198,15,"CENTRO DE LAZER - CAMPO PEQUENO",1106
704,"CINEMA CITY CAMPO PEQUENO - SALA 5",94,15,"CENTRO DE LAZER - CAMPO PEQUENO",1106
705,"CINEMA CITY CAMPO PEQUENO - SALA 6",107,15,"CENTRO DE LAZER - CAMPO PEQUENO",1106
706,"CINEMA CITY CAMPO PEQUENO - SALA 7",94,15,"CENTRO DE LAZER - CAMPO PEQUENO",1106
707,"CINEMA CITY CAMPO PEQUENO - SALA 8",105,15,"CENTRO DE LAZER - CAMPO PEQUENO",1106
708,"CASA DE FADOS MARQUÊS DA SÉ",80,9,"LARGO DO MARQUÊS DO LAVRADIO 1",1106
709,"CASA DE FADOS-FADO MAIOR",49,9,"LARGO PENEIREIRO 7",1106
710,"TEATRO BOCAGE",123,1,"RUA MANUEL SOARES GUEDES  13A",1106
711,"TEATRO ESTRELA HALL",104,1,"RUA DA ESTRELA  10",1106
712,"CASA DE FADOS VELHO PÁTEO DE SANTANA",130,9,"RUA DOUTOR ALMEIDA AMARAL 6",1106
713,"CLUBE DE FADO",88,9,"RUA SÃO JOÃO DA PRAÇA 92",1106
714,"AUDITÓRIO INSTITUTO PORTUGUÊS JUVENTUDE (LISBOA)",158,7,"RUA DE MOSCAVIDE  LOTE 47",1106
715,"TEATRO MERIDIONAL",82,1,"RUA DO AÇUCAR  64 / BECO DA MITRA",1106
716,"AUDITÓRIO CENTRO CULTURAL POLO TECNOLÓGICO LUMIAR",484,7,"ESTRADA DO PAÇO DO LUMIAR  44",1106
717,"TEATRO DO BAIRRO",110,1,"RUA LUZ SORIANO  67A",1106
718,"CINE PLACE LOURES SHOPPING - SALA 1",237,15,"QUINTA DO INFANTADO",1107
719,"CINE PLACE LOURES SHOPPING - SALA 2",125,15,"QUINTA DO INFANTADO",1107
720,"CINE PLACE LOURES SHOPPING - SALA 3",119,15,"QUINTA DO INFANTADO",1107
721,"CINE PLACE LOURES SHOPPING - SALA 4",127,15,"QUINTA DO INFANTADO",1107
722,"CINE PLACE LOURES SHOPPING - SALA 5",304,15,"QUINTA DO INFANTADO",1107
723,"CINE PLACE LOURES SHOPPING - SALA 6",323,15,"QUINTA DO INFANTADO",1107
724,"CINE PLACE LOURES SHOPPING - SALA 7",77,15,"QUINTA DO INFANTADO",1107
725,"AUDITÓRIO DO COLÉGIO PEDRO ARRUPE",491,7,"PASSEIO HERÓIS DO MAR, PARCELA 6.18  - PARQUE DAS NAÇÕES",1107
726,"CINE TEATRO DE MAFRA",386,14,"AV 25 ABRIL 8",1109
727,"CINE TEATRO BEATRIZ COSTA",261,14,"MALVEIRA",1109
728,"AUDITÓRIO DA CASA DA CULTURA JAIME LOBO E SILVA",174,7,"R MENDES LEAL-ERICEIRA",1109
729,"AUDITÓRIO BEATRIZ COSTA",201,7,"AV 25 DE ABRIL",1109
730,"AUDITÓRIO DA CASA DA CULTURA DA MALVEIRA",112,7,"LARGO DA FEIRA DE REVENDA",1109
731,"AUDITÓRIO MUNICIPAL EUNICE MUNOZ",263,7,"RUA MESTRE DE AVIZ",1110
732,"TEATRO MUNICIPAL AMÉLIA REY COLAÇO",75,1,"RUA EDUARDO AUGUSTO PEDROSO Nº. 16 - A   ALGÉS",1110
733,"AUDITÓRIO MUNICIPAL CÉSAR BATALHA",142,7,"AV DAS DESCOBERTAS - CENTRO COMERCIAL ALTO DA BARRA",1110
734,"AUDITÓRIO MUNICIPAL LOURDES NORBERTO",99,7,"RUA LUCIANO CORDEIRO -  EDIFÍCIO PIRÂMIDE",1110
735,"CINEMAS OEIRAS PARQUE - SALA 1",98,15,"CENTRO COMERCIAL OEIRAS PARQUE-R DA BARRA JT 23-ALTO DO MOCHO",1110
736,"CINEMAS OEIRAS PARQUE - SALA 2",285,15,"CENTRO COMERCIAL OEIRAS PARQUE-R DA BARRA JT 23-ALTO DO MOCHO",1110
737,"CINEMAS OEIRAS PARQUE - SALA 3",199,15,"CENTRO COMERCIAL OEIRAS PARQUE-R DA BARRA JT 23-ALTO DO MOCHO",1110
738,"CINEMAS OEIRAS PARQUE - SALA 4",182,15,"CENTRO COMERCIAL OEIRAS PARQUE-R DA BARRA JT 23-ALTO DO MOCHO",1110
739,"CINEMAS OEIRAS PARQUE - SALA 5",285,15,"CENTRO COMERCIAL OEIRAS PARQUE-R DA BARRA JT 23-ALTO DO MOCHO",1110
740,"CINEMAS OEIRAS PARQUE - SALA 6",199,15,"CENTRO COMERCIAL OEIRAS PARQUE-R DA BARRA JT 23-ALTO DO MOCHO",1110
741,"CINEMAS OEIRAS PARQUE - SALA 7",182,15,"CENTRO COMERCIAL OEIRAS PARQUE-R DA BARRA JT 23-ALTO DO MOCHO",1110
742,"CINEMA DOLCE VITA MIRAFLORES - SALA 1",94,15,"AVENIDA DAS TULIPAS - MIRAFLORES",1110
743,"CINEMA DOLCE VITA MIRAFLORES - SALA 2",76,15,"AVENIDA DAS TULIPAS - MIRAFLORES",1110
744,"CINEMA DOLCE VITA MIRAFLORES - SALA 3",93,15,"AVENIDA DAS TULIPAS - MIRAFLORES",1110
745,"CINEMA DOLCE VITA MIRAFLORES - SALA 4",88,15,"AVENIDA DAS TULIPAS - MIRAFLORES",1110
746,"AUDITÓRIO DO PARQUE OCEANO",140,7,"AVENIDA DR JOSÉ JOAQUIM DE ALMEIDA, nº.  2",1110
747,"AUDITÓRIO DO PÁTEO DO ENXUGO",700,10,"ESTRADA DAS FONTAINHAS",1110
748,"CINEMA CITY ALFRAGIDE - SALA 1",240,15,"CENTRO COMERCIAL ALEGRO ALFRAGIDE  AV DOS CAVALEIROS",1110
749,"CINEMA CITY ALFRAGIDE - SALA 2",197,15,"CENTRO COMERCIAL ALEGRO ALFRAGIDE  AV DOS CAVALEIROS",1110
750,"CINEMA CITY ALFRAGIDE - SALA 3",97,15,"CENTRO COMERCIAL ALEGRO ALFRAGIDE  AV DOS CAVALEIROS",1110
751,"CINEMA CITY ALFRAGIDE - SALA 4",87,15,"CENTRO COMERCIAL ALEGRO ALFRAGIDE  AV DOS CAVALEIROS",1110
752,"CINEMA CITY ALFRAGIDE - SALA 5",87,15,"CENTRO COMERCIAL ALEGRO ALFRAGIDE  AV DOS CAVALEIROS",1110
753,"CINEMA CITY ALFRAGIDE - SALA 6",121,15,"CENTRO COMERCIAL ALEGRO ALFRAGIDE  AV DOS CAVALEIROS",1110
754,"CINEMA CITY ALFRAGIDE - SALA 7",127,15,"CENTRO COMERCIAL ALEGRO ALFRAGIDE  AV DOS CAVALEIROS",1110
755,"CINEMA CITY ALFRAGIDE - SALA 8",126,15,"CENTRO COMERCIAL ALEGRO ALFRAGIDE  AV DOS CAVALEIROS",1110
756,"CINEMA CITY ALFRAGIDE - SALA 9",95,15,"CENTRO COMERCIAL ALEGRO ALFRAGIDE  AV DOS CAVALEIROS",1110
757,"CINEMA CITY ALFRAGIDE - SALA 10",95,15,"CENTRO COMERCIAL ALEGRO ALFRAGIDE  AV DOS CAVALEIROS",1110
758,"AUDITÓRIO RUY DE CARVALHO",290,7,"CENTRO CÍVICO DE CARNAXIDE",1110
759,"AUDITÓRIO MUNICIPAL ANTÓNIO SILVA",188,7,"CENTRO COMERCIAL QUINTA DAS FLORES-AGUALVA-CACÉM",1111
760,"SALA DE ESPEC. DA SOC. FILAR. BOA UNIÃO MONTELAVAR",358,8,"LARGO MAESTRO MODESTO FERNANDES ALVES VELHO - MONTELAVAR",1111
761,"CASA DE TEATRO DE SINTRA-TEATRO CHÃO DE OLIVA",60,1,"R VEIGA DA CUNHA 20",1111
762,"CINEMAS DO FORUM SINTRA - SALA 1",155,15,"CENTRO COMERCIAL FORUM SINTRA - MEM MARTINS",1111
763,"CINEMAS DO FORUM SINTRA - SALA 2",214,15,"CENTRO COMERCIAL FORUM SINTRA-MEM MARTINS",1111
764,"CINEMAS DO FORUM SINTRA - SALA 3",135,15,"CENTRO COMERCIAL FORUM SINTRA-MEM MARTINS",1111
765,"CINEMAS DO FORUM SINTRA - SALA 4",249,15,"CENTRO COMERCIAL FORUM SINTRA-MEM MARTINS",1111
766,"CINEMAS DO FORUM SINTRA - SALA 5",111,15,"CENTRO COMERCIAL FORUM SINTRA-MEM MARTINS",1111
767,"CINEMAS DO FORUM SINTRA - SALA 6",98,15,"CENTRO COMERCIAL FORUM SINTRA-MEM MARTINS",1111
768,"CINEMAS DO FORUM SINTRA - SALA 7",167,15,"CENTRO COMERCIAL FÓRUM SINTRA",1111
769,"ESPAÇO TEATROESFERA",112,1,"RUA CIDADE DESPORTIVA - MASSAMÁ - MONTE ABRAÃO",1111
770,"AUDITÓRIO JORGE SAMPAIO DO C.C.OLGA CADAVAL",966,7,"LARGO DR FRANCISCO SÁ CARNEIRO",1111
771,"AUDITÓRIO ACÁCIO BARREIROS C.C.OLGA DE CADAVAL",276,7,"LG DR FRANCISCO SÁ CARNEIRO",1111
772,"SALA DE ENSAIOS DO C.C.OLGA DE CADAVAL",50,5,"LG DR FRANCISCO SÁ CARNEIRO",1111
773,"CINEMA CITY BELOURA - SALA 1",142,15,"ESTRADA NACIONAL, Nº. 9 - LINHÓ",1111
774,"CINEMA CITY BELOURA - SALA 2",201,15,"ESTRADA NACIONAL, Nº. 9 - LINHÓ",1111
775,"CINEMA CITY BELOURA - SALA 3",135,15,"ESTRADA NACIONAL, Nº. 9 - LINHÓ",1111
776,"CINEMA CITY BELOURA - SALA 4",125,15,"ESTRADA NACIONAL, Nº. 9 - LINHÓ",1111
777,"CINEMA CITY BELOURA - SALA 5",99,15,"ESTRADA NACIONAL, Nº. 9 - LINHÓ",1111
778,"CINEMA CITY BELOURA - SALA 6",82,15,"ESTRADA NACIONAL, Nº. 9 - LINHÓ",1111
779,"CINEMA CITY BELOURA - SALA 7 (EX-DYNAMIC)",58,15,"ESTRADA NACIONAL, Nº. 9 - LINHÓ",1111
780,"CINEMA CITY BELOURA - SALA 8 - CINEMAX",300,15,"ESTRADA NACIONAL, Nº. 9 - LINHÓ",1111
781,"TEATRO ESCOLA AMERICANA DE LISBOA",458,1,"RUA ANTÓNIO DOS REIS, Nº. 95 - QUINTA DA BELOURA - LINHÓ",1111
782,"SALÃO DE FESTAS DA SOCIEDADE EUTERPE ALHANDRENSE",830,3,"LG SERPA PINTO 2-ALHANDRA",1114
783,"PRAÇA DE TOIROS PALHA BLANCO - V.F. XIRA",3496,18,"CAMPO DA ACLAMAÇÃO DA REPÚBLICA",1114
784,"AUDITÓRIO MUNICIPAL SCALA",78,7,"CENTRO COMERCIAL SCALA R DA ESTAÇÃO - ALVERCA DO RIBATEJO",1114
785,"AUDITÓRIO DA SOCIEDADE FILARMÓNICA ALVERQUENSE",472,7,"PRAÇA DA SOCIEDADE FILARMÓNICA RECREIO ALVERQUENSE",1114
786,"AUDITÓRIO DO CENTRO CULTURAL BOM SUCESSO",115,7,"RUA DA FONTE DE SÃO ROMÃO Nº.1",1114
787,"CINE TEATRO D JOÃO V",388,14,"LARGO DA IGREJA - AMADORA",1115
788,"RECREIOS DA AMADORA-ESPAÇO CULTURAL",296,14,"AV SANTOS MATOS 2",1115
789,"GRANDE AUDITÓRIO ESCOLA SUPERIOR TEATRO E CINEMA",360,7,"AV MARQUÊS DE POMBAL  22 B",1115
790,"CINEMA UCI DOLCE VITA TEJO - SALA 1",193,15,"RUA DO LOURO - URB. CASAL DE MIRA",1115
791,"CINEMA UCI DOLCE VITA TEJO - SALA 2",370,15,"RUA DO LOURO - URB. CASAL DE MIRA",1115
792,"CINEMA UCI DOLCE VITA TEJO - SALA 3",314,15,"RUA DO LOURO - URB. CASAL DE MIRA",1115
793,"CINEMA UCI DOLCE VITA TEJO - SALA 4",189,15,"RUA DO LOURO - URB. CASAL DE MIRA",1115
794,"CINEMA UCI DOLCE VITA TEJO - SALA 5",83,15,"RUA DO LOURO - URB. CASAL DE MIRA",1115
795,"CINEMA UCI DOLCE VITA TEJO - SALA 6",103,15,"RUA DO LOURO - URB. CASAL DE MIRA",1115
796,"CINEMA UCI DOLCE VITA TEJO - SALA 7",257,15,"RUA DO LOURO - URB. CASAL DE MIRA",1115
797,"CINEMA UCI DOLCE VITA TEJO - SALA 8",280,15,"RUA DO LOURO - URB. CASAL DE MIRA",1115
798,"CINEMA UCI DOLCE VITA TEJO - SALA 9",297,15,"RUA DO LOURO - URB. CASAL DE MIRA",1115
799,"CINEMA UCI DOLCE VITA TEJO - SALA 10",297,15,"RUA DO LOURO - URB. CASAL DE MIRA",1115
800,"CINEMA UCI DOLCE VITA TEJO - SALA 11",221,15,"RUA DO LOURO - URB- CASAL DE MIRA",1115
801,"CINEMA ODIVELAS PARQUE - SALA 2",179,15,"CASAL DO TROCA LT 1 -  PATAMEIRAS",1116
802,"CINEMA ODIVELAS PARQUE - SALA 3",226,15,"CASAL DO TROCA LT 1 -  PATAMEIRAS",1116
803,"CINEMA ODIVELAS PARQUE - SALA 4",209,15,"CASAL DO TROCA LT 1 -  PATAMEIRAS",1116
804,"CINEMA ODIVELAS PARQUE - SALA 5",150,15,"CASAL DO TROCA LT 1 -  PATAMEIRAS",1116
805,"CINEMA ODIVELAS PARQUE - SALA 6",131,15,"CASAL DO TROCA LT 1 -  PATAMEIRAS",1116
806,"AUDITÓRIO DO CENTRO CULTURAL MALAPOSTA",159,7,"RUA ANGOLA",1116
807,"SALA DE CINEMA DO CENTRO CULTURAL MALAPOSTA",54,17,"RUA ANGOLA",1116
808,"SALA EXPERIMENTAL DO CENTRO CULTURAL MALAPOSTA",52,5,"RUA ANGOLA",1116
809,"CAFÉ TEATRO DO CENTRO CULTURAL MALAPOSTA",80,2,"RUA ANGOLA",1116
810,"PAVILHÃO MULTIUSOS DE ODIVELAS",3776,12,"ODIVELAS",1116
811,"PRAÇA DE TOIROS DE ALCOCHETE",3698,18,"AVENIDA 5 DE OUTUBRO",1502
812,"AUDITÓRIO DO FORUM CULTURAL DE ALCOCHETE",374,7,"ESTRADA MUNICIPAL Nº. 501 - PRAIA DOS MOINHOS",1502
813,"CINE TEATRO ACADEMIA INST REC FAMILIAR ALMADENSE",830,14,"RUA CAPITÃO LEITÃO Nº. 64- A",1503
814,"TEATRO ESTÚDIO ANTÓNIO ASSUNÇÃO",127,1,"R CONDE FERREIRA",1503
815,"TEATRO MUNICIPAL JOAQUIM BENITE",446,1,"AVENIDA PROFESSOR EGAS MONIZ",1503
816,"SALA EXPERIMENTAL DO TEATRO MUN JOAQUIM BENITE",200,5,"AVENIDA PROFESSOR EGAS MONIZ",1503
817,"CAFÉ-CONCERTO DO TEATRO MUNICIPAL JOAQUIM BENITE",80,2,"AVENIDA PROFESSOR EGAS MONIZ",1503
818,"CINEMA ALMADA FORUM - SALA 1",362,15,"ZONA B - CENTRO COMERCIAL FORUM ALMADA",1503
819,"CINEMA ALMADA FORUM - SALA 2",391,15,"ZONA B - CENTRO COMERCIAL FORUM ALMADA",1503
820,"CINEMA ALMADA FORUM - SALA 3",339,15,"ZONA B - CENTRO COMERCIAL FORUM ALMADA",1503
821,"CINEMA ALMADA FORUM - SALA 4",408,15,"ZONA B - CENTRO COMERCIAL  FORUM ALMADA",1503
822,"CINEMA ALMADA FORUM - SALA 5",296,15,"ZONA B - CENTRO COMERCIAL FORUM ALMADA",1503
823,"CINEMA ALMADA FORUM - SALA 6",139,15,"ZONA B - CENTRO COMERCIAL FORUM ALMADA",1503
824,"CINEMA ALMADA FORUM - SALA 7",160,15,"ZONA B - CENTRO COMERCIAL FORUM ALMADA",1503
825,"CINEMA ALMADA FORUM - SALA 8",126,15,"ZONA B - CENTRO COMERCIAL FORUM ALMADA",1503
826,"CINEMA ALMADA FORUM - SALA 9",183,15,"ZONA B - CENTRO COMERCIAL FORUM ALMADA",1503
827,"CINEMA ALMADA FORUM - SALA 10",183,15,"ZONA B - CENTRO COMERCIAL FORUM ALMADA",1503
828,"CINEMA ALMADA FORUM - SALA 11",136,15,"ZONA B - CENTRO COMERCIAL FORUM ALMADA",1503
829,"CINEMA ALMADA FORUM - SALA 12",159,15,"ZONA B - CENTRO COMERCIAL FORUM ALMADA",1503
830,"CINEMA ALMADA FORUM - SALA 13",153,15,"ZONA B - CENTRO COMERCIAL FORUM ALMADA",1503
831,"CINEMA ALMADA FORUM - SALA 4DX",166,15,"ZONA B - CENTRO COMERCIAL FORUM ALMADA",1503
832,"CINE-TEATRO ACADEMIA ALMADENSE",198,14,"RUA CAPITÃO LEITÃO  64",1503
833,"CASA DA CULTURA DA QUIMIPARQUE",913,8,"RUA DA CUF",1504
834,"TEATRO MUNICIPAL DO BARREIRO",85,1,"R VASCO DA GAMA 41D-R COMBATENTES GRANDE GUERRA 42A",1504
835,"AUDITÓRIO MUNICIPAL AUGUSTO CABRITA",446,7,"PARQUE DOS CASQUILHOS",1504
836,"CASTELLO LOPES, CINEMAS - FORUM BARREIRO - SALA 1",203,15,"RUA STARA ZAGORA 1 - CAMPO DAS CORDOARIAS - FORUM BARREIRO",1504
837,"CASTELLO LOPES, CINEMAS - FORUM BARREIRO - SALA 2",115,15,"RUA STARA ZAGORA 1 - CAMPO DAS CORDOARIAS - FORUM BARREIRO",1504
838,"CASTELLO LOPES, CINEMAS - FORUM BARREIRO - SALA 3",112,15,"RUA STARA ZAGORA 1 - CAMPO DAS CORDOARIAS - FORUM BARREIRO",1504
839,"CASTELLO LOPES, CINEMAS - FORUM BARREIRO - SALA 4",122,15,"RUA STARA ZAGORA 1 - CAMPO DAS CORDOARIAS - FORUM BARREIRO",1504
840,"AUDITÓRIO FORUM CULTURAL JOSÉ MANUEL FIGUEIREDO",318,7,"RUA JOSÉ VICENTE",1506
841,"CAFÉ CONCERTO FORUM CULT. JOSÉ MANUEL FIGUEIREDO",50,2,"RUA JOSÉ VICENTE",1506
842,"PRAÇA DE TOIROS DANIEL NASCIMENTO - MOITA",4985,18,"AVENIDA DR. TEÓFILO BRAGA",1506
843,"CINE TEATRO JOAQUIM DE ALMEIDA",643,14,"RUA JOAQUIM DE ALMEIDA",1507
844,"PRAÇA DE TOIROS DO MONTIJO",6220,18,"LARGO DO MERCADO",1507
845,"CINEMA FORUM MONTIJO - SALA 1",363,15,"LUGAR PAU QUEIMADO - AFONSOEIRO",1507
846,"CINEMA FORUM MONTIJO - SALA 2",359,15,"LUGAR PAU QUEIMADO - AFONSOEIRO",1507
847,"CINEMA FORUM MONTIJO - SALA 3",145,15,"LUGAR PAU QUEIMADO - AFONSOEIRO",1507
848,"CINEMA FORUM MONTIJO - SALA 4",179,15,"LUGAR PAU QUEIMADO - AFONSOEIRO",1507
849,"CINEMA FORUM MONTIJO - SALA 5",179,15,"LUGAR PAU QUEIMADO - AFONSOEIRO",1507
850,"CINEMA FORUM MONTIJO - SALA 6",144,15,"LUGAR PAU QUEIMADO - AFONSOEIRO",1507
851,"CINE TEATRO S JOÃO",480,14,"PALMELA",1508
852,"SALA POLIVAL. SOCIE. INST. MUSICAL. QUINTA DO ANJO",200,3,"QTA DO ANJO",1508
853,"SALA DE ESPECTÁCULOS DA SOC FIL UNIÃO AGRÍCOLA",192,3,"R SOCIEDADE FILARMÓNICA UNIÃO AGRÍCOLA 2-8-PINHAL NOVO",1508
854,"AUDITÓRIO SEDE FILAR. UNIÃO AGRÍCOLA PINHAL NOVO",312,7,"R SOC FILARMÓNICA UNIÃO AGRÍCOLA DE PINHAL NOVO",1508
855,"CINEMA S VICENTE",420,17,"PAIO PIRES",1510
856,"CINE TEATRO DA SOC FILARMÓNICA OPERÁRIA AMORENSE",503,14,"R SOC FILARMÓNICA OPERÁRIA AMORENSE-AMORA",1510
857,"SALÃO DE FESTAS DO CENTRO CULT RECR DOS REDONDOS",50,3,"R 13-REDONDOS",1510
858,"AUDITÓRIO MUNICIPAL DO FORUM CULTURAL DO SEIXAL",345,7,"QUINTA DOS FRANCESES",1510
859,"CINE PLACE RIO SUL SHOPPING - SALA 1",298,15,"AVENIDA LIBERTADORES DE TIMOR LORO SAE",1510
860,"CINE PLACE RIO SUL SHOPPING - SALA 2",190,15,"AVENIDA LIBERTADORES DE TIMOR LORO SAE",1510
861,"CINE PLACE RIO SUL SHOPPING - SALA 3",149,15,"AVENIDA LIBERTADORES DE TIMOR LORO SAE",1510
862,"CINE PLACE RIO SUL SHOPPING - SALA 4",208,15,"AVENIDA LIBERTADORES DE TIMOR LORO SAE",1510
863,"CINE PLACE RIO SUL SHOPPING - SALA 5",133,15,"AVENIDA LIBERTADORES DE TIMOR LORO SAE",1510
864,"CINE PLACE RIO SUL SHOPPING - SALA 6",95,15,"AVENIDA LIBERTADORES DE TIMOR LORO SAE",1510
865,"CINE PLACE RIO SUL SHOPPING - SALA 7",70,15,"AVENIDA LIBERTADORES DE TIMOR LORO SAE",1510
866,"CINE TEATRO JOÃO MOTA",257,14,"AVENIDA  DA LIBERDADE Nº. 46",1511
867,"FORUM MUNICIPAL LUISA TODI",638,14,"AVENIDA LUISA TODI",1512
868,"SALA POLIVALENTE DO FORUM MUNICIPAL LUISA TODI",132,2,"AVENIDA  LUISA TODI",1512
869,"CINEMA CHARLOT",230,17,"RUA DR ANTÓNIO MANUEL GAMITO LT 1",1512
870,"SALÃO DE FESTAS DO CLUBE RECREATIVO PALHAVÃ",200,3,"R CASTELO-PROLONGAMENTO 61",1512
871,"PRAÇA DE TOIROS CARLOS RELVAS - SETÚBAL",4135,18,"RUA D. MARIA BAPTISTA",1512
872,"TEATRO DE BOLSO",50,1,"RUA DR. ANIBAL ÁLVARES DA SILVA, Nº. 9 - R/C",1512
873,"SOCIEDADE FILARMÓNICA PERPÉTUA AZEITONENSE-SEDE",452,3,"VILA NOGUEIRA DE AZEITÃO",1512
874,"AUDITÓRIO AO AR LIVRE DA PRAÇA JOSÉ AFONSO",2517,10,"PRAÇA JOSÉ AFONSO",1512
875,"AUDITÓRIO DA ESCOLA HOTELARIA TURISMO DE SETÚBAL",88,7,"AV LUÍSA TODI - BALUARTE DO CAIS",1512
876,"CINEMA CITY C.C. ALEGRO SETÚBAL - SALA 1",131,15,"AV ANTERO DE QUENTAL 2",1512
877,"CINEMA CITY C.C. ALEGRO SETÚBAL - SALA 2",111,15,"AV ANTERO DE QUENTAL 2",1512
878,"CINEMA CITY C.C. ALEGRO SETÚBAL - SALA 3",111,15,"AV ANTERO DE QUENTAL 2",1512
879,"CINEMA CITY C.C. ALEGRO SETÚBAL - SALA 4",107,15,"AV ANTERO DE QUENTAL 2",1512
880,"CINEMA CITY C.C. ALEGRO SETÚBAL - SALA 5",111,15,"AV ANTERO DE QUENTAL 2",1512
881,"CINEMA CITY C.C. ALEGRO SETÚBAL - SALA 6",107,15,"AV ANTERO DE QUENTAL 2",1512
882,"CINEMA CITY C.C. ALEGRO SETÚBAL - SALA 7",107,15,"AV ANTERO DE QUENTAL 2",1512
883,"CINEMA CITY C.C. ALEGRO SETÚBAL - SALA 8",133,15,"AV ANTERO DE QUENTAL 2",1512
884,"CINEMA CITY C.C. ALEGRO SETÚBAL - SALA 9",331,15,"AV ANTERO DE QUENTAL 2",1512
885,"CINE TEATRO JOSÉ CAMACHO COSTA",276,14,"PRAÇA SOUSA PRADO, ODEMIRA",211
886,"CINE TEATRO GIRASSOL",279,17,"R DO CERCAL-VILA NOVA DE MILFONTES",211
887,"PRAÇA DE TOIROS JOÃO BRANCO NUNCIO - ALCÁCER SAL",3791,18,"ALCÁCER DO SAL",1501
888,"AUDITÓRIO MUNICIPAL DE ALCÁCER DO SAL",204,7,"RUA MANUEL MARIA BARBOSA DU BOCAGE - BAIRRO DO MORGADINHO",1501
889,"AUDITÓRIO MUNICIPAL GRÂNDOLA (EX-CINE GRANADEIRO)",300,7,"AV ANTÓNIO INÁCIO DA CRUZ",1505
890,"CINE TEATRO GRANDOLENSE",182,14,"R DR. EVARISTO DE SOUSA GAGO",1505
891,"SALA DE ESPECTÁCULOS DO CASINO DE TRÓIA",565,16,"CASINO DE TRÓIA - GRÂNDOLA",1505
892,"CASA DO POVO DE ALVALADE",300,3,"ALVALADE",1509
893,"AUDITÓRIO MUNICIPAL ANTÓNIO CHAÍNHO",239,7,"AVENIDA 1º. DE MAIO",1509
894,"AUDITÓRIO ESCOLA SECUNDÁRIA PADRE ANTÓNIO MACEDO",187,7,"BAIRRO DO LICEU- VILA NOVA DE SANTO ANDRÉ",1509
895,"CINEMA SALA DAS FITAS",114,17,"R ANTÓNIO ALEIXO, Nº. 28  -  SINESHOPPING",1513
896,"AUDITÓRIO MUNICIPAL DO CENTRO DE ARTES DE SINES",200,7,"R CÂNDIDO DOS REIS 42",1513
897,"SALÃO DE FESTAS DA CASA DO POVO DE MORA",400,3,"LG DAS FORÇAS ARMADAS",707
898,"CINE-TEATRO DE MORA",198,7,"R DE S PEDRO",707
899,"SALÃO DE FESTAS DO GRUPO MUSICAL PAVIENSE",200,3,"R DAS CASAS NOVAS 1-PAVIA",707
900,"PRAÇA DE TOIROS DE ALTER DO CHÃO",2109,18,"ALTER DO CHÃO",1201
901,"CINE TEATRO DE ALTER DO CHÃO",338,14,"PRACETA JOAQUIM VITORINO NAMORADO",1201
902,"PRAÇA DE TOIROS DE ARRONCHES",1716,18,"ARRONCHES",1202
903,"AUDITÓRIO DO CENTRO CULTURAL DE ARRONCHES",252,7,"RUA PROJECTADA Á CALEGA DE SANTO ANTÓNIO",1202
904,"SALÃO DE FESTAS DA CASA DO POVO DE ALDEIA VELHA",200,3,"ALDEIA VELHA",1203
905,"CASA DO POVO DE BENAVILA-SEDE",226,3,"BENAVILA",1203
906,"CASA DO POVO DE AVIS-SEDE",300,3,"AVIS",1203
907,"AUDITÓRIO MUNICIPAL JOSÉ CARLOS ARY DOS SANTOS",274,7,"R DA CANTINA",1203
908,"AUDITÓRIO DO CENTRO CULTURAL DE CAMPO MAIOR",210,7,"AV ANTÓNIO SÉRGIO",1204
909,"PRAÇA DE TOIROS DE PÓVOA E MEADAS",1671,18,"PÓVOA E MEADAS",1205
910,"REDONDEL TOURINO DA JUNTA DE FREGUESIA DA GAFETE",1000,18,"BAIRRO DR ARMANDO PEQUITO-GAFETE",1206
911,"PRAÇA DE TOIROS/AUDITÓRIO AO AR LIVRE DO CRATO",1382,18,"EN 245 KM 14,600",1206
912,"AUDITÓRIO MUNICIPAL DO CRATO",102,7,"R DO ARCO 3",1206
913,"AUDITÓRIO SÃO MATEUS",211,7,"LG LUÍS DE CAMÕES",1207
914,"PRAÇA DE TOIROS DE SANTA EULÁLIA - ELVAS",2008,18,"COURELA DA PRAÇA-STA EULÁLIA",1207
915,"PRAÇA DE TOIROS DE TERRUGEM",2750,18,"TERRUGEM",1207
916,"COLISEU JOSÉ RONDÃO DE ALMEIDA-EX PRAÇA DE TOIROS",6108,11,"MORGADINHO - ASSUNÇÃO",1207
917,"CINE TEATRO DE ELVAS",325,14,"LG 1º DE DEZEMBRO-ALCAÇOVA",1207
918,"PRAÇA DE TOIROS DE CABEÇO DE VIDE",1097,18,"CABEÇO DE VIDE",1208
919,"CINE TEATRO FRANCISCO VENTURA",292,14,"AV JOSÉ MARCELINO",1209
920,"SALA ESPECTÁCULOS CTRO REC STO ANTÓNIO DAS AREIAS",350,3,"LG RICARDO VAZ MONTEIRO-STO ANTÓNIO DAS AREIAS",1210
921,"PRAÇA DE TOIROS DE SANTO ANTÓNIO DAS AREIAS",2128,18,"SANTO ANTÓNIO DAS AREIAS",1210
922,"CENTRO DE CONVÍVIO CULTURAL E RECR DE MARVÃO-SEDE",150,3,"LG TERREIRO",1210
923,"PRAÇA DE TOIROS DE MONFORTE",1279,18,"MONFORTE",1211
924,"CINE TEATRO DE NISA",394,14,"PRAÇA DA REPÚBLICA, NOSSA SRA DA GRAÇA",1212
925,"PRAÇA DE TOIROS DE ALPALHÃO",1233,18,"ALPALHÃO",1212
926,"PRAÇA DE TOIROS DE NISA",1590,18,"NISA",1212
927,"TEATRO CINEMA DE PONTE DE SOR",380,14,"AV MANUEL PIRES FILIPE",1213
928,"PRAÇA DE TOIROS JOSÉ ELIAS MARTINS - PORTALEGRE",4619,18,"FORTIOS",1214
929,"TEATRO O SEMEADOR",82,1,"CONVENTO DE SANTA CLARA",1214
930,"GRANDE AUDITÓRIO CENTRO ARTES ESPECT. PORTALEGRE",500,7,"PRAÇA DA REPÚBLICA",1214
931,"PEQUENO AUDITÓRIO CENTRO ARTES ESPECT. PORTALEGRE",167,7,"PRAÇA DA REPÚBLICA",1214
932,"CAFÉ CONCERTO CENTRO ARTES ESPECT. PORTALEGRE",50,2,"PC DA REPÚBLICA",1214
933,"AUDITÓRIO INSTITUTO PORTUGÛES JUVENTUDE PORTALEGRE",116,7,"AVENIDA DO BONFIM",1214
934,"AUDITÓRIO DO FÓRUM CULT TRANSFRONTEIRIÇO-ALANDROAL",180,7,"ROSSIO DE ARQUIZ",701
935,"CINE TEATRO DA CÂMARA MUNICIPAL DE ARRAIOLOS",298,14,"LG 25 ABRIL",702
936,"CINE TEATRO MUNICIPAL DE BORBA",93,14,"RUA  RODRIGO DA CUNHA FERREIRA",703
937,"TEATRO BERNARDIM RIBEIRO",246,14,"AVENIDA 25 DE ABRIL",704
938,"PRAÇA DE TOIROS DE ESTREMOZ",2398,18,"ESTREMOZ",704
939,"AUDITÓRIO DA ACADEMIA DE MÚSICA EBORENSE",204,7,"R RAIMUNDO 98",705
940,"ARENA DE ÉVORA - EX PRAÇA DE TOIROS",4829,11,"ÉVORA",705
941,"TEATRO GARCIA DE RESENDE",334,14,"PC JOAQUIM DE AGUIAR",705
942,"PRAÇA DE TOIROS DE JOSÉ JACINTO BRANCO-SÃO MANÇOS",2233,18,"SÃO MANÇOS",705
943,"AUDITÓRIO SOROR MARIANA",77,6,"R DIOGO CÃO 8",705
944,"AUDITÓRIO DO FORUM EUGÉNIO DE ALMEIDA",158,7,"RUA VASCO DA GAMA, Nº. 13 - ÉVORA",705
945,"A BRUXA TEATRO",50,1,"RUA DO EBORIM",705
946,"SALA ESPETÁCULOS ASS MUSICAL ÉVORA EBORAE MÚSICA",160,8,"AVENIDA DE SÃO SEBASTIÃO, CONVENTO DOS REMÉDIOS",705
947,"CINE TEATRO CURVO SEMEDO",814,14,"LG DR ANTÓNIO JOSÉ DE ALMEIDA-NOSSA SRA DA VILA",706
948,"SALÃO DE FESTAS DA CASA DO POVO DE LAVRE",352,3,"RUA DA CASA DO POVO",706
949,"PRAÇA DE TOIROS DE MONTEMOR-O-NOVO",2879,18,"ROSSIO -  MONTEMOR-O-NOVO",706
950,"AUDITÓRIO ESPAÇO TEMPO (BLACK BOX)",50,7,"LOTEAMENTO DO TERRADO, LOTE 13",706
951,"CINE TEATRO DE MOURÃO",242,14,"R CÂNDIDO DOS REIS",708
952,"PRAÇA DE TOIROS DA GRANJA",900,18,"GRANJA",708
953,"PRAÇA DE TOIROS DE MOURÃO",1620,18,"PRAÇA DA REPÚBLICA, 20",708
954,"PRAÇA DE TOIROS DA NOVA ALDEIA DA LUZ",500,18,"LARGO 25 DE ABRIL, 12",708
955,"PRAÇA DE TOIROS DE AMIEIRA",1820,18,"AMIEIRA",709
956,"AUDITÓRIO MUNICIPAL DE PORTEL",217,7,"RUA DOS BOMBEIROS VOLUNTÁRIOS",709
957,"COLISEU DE REDONDO - EX PRAÇA DE TOIROS",2844,11,"ALAMEDA DO CALVÁRIO",710
958,"AUDITÓRIO DO CENTRO CULTURAL DE REDONDO",206,7,"RUA 1º DEZEMBRO",710
959,"CAFÉ CONCERTO DO CENTRO CULTURAL DE REDONDO",150,2,"REDONDO",710
960,"AUDITÓRIO MUNICIPAL DE REGUENGOS DE MONSARAZ",249,7,"PRAÇA MANUEL PAPANÇA",711
961,"PRAÇA DE TOIROS JOSÉ MESTRE BATISTA - REGUENGOS",3134,18,"CAMPO 25 DE ABRIL",711
962,"AUDITÓRIO DA CÂMARA MUNICIPAL DE VENDAS NOVAS",204,7,"R S DOMINGOS SAVIO",712
963,"CENTRO CULTURAL POLIVALENTE",230,8,"RUA BARTOLOMEU DIAS N.º 23",712
964,"CINE TEATRO VIANENSE",490,14,"R DR ANTÓNIO JOSÉ DE ALMEIDA  24 E 26",713
965,"PAVILHÃO DESPORTIVO MUNICIPAL DE ODIVELAS",250,3,"R DO CANO-ALCÁÇOVAS",713
966,"PRAÇA DE TOIROS DE VILA VIÇOSA",2434,18,"LARGO DOS CAPUCHOS",714
967,"PRAÇA DE TOIROS DE BENCATEL",1200,18,"RUA DAS MASCARENHAS, FREGUESIA DE BENCATEL",714
968,"PRAÇA DE TOIROS PEDRO LOUCEIRO-SOUSEL",1000,18,"SOUSEL",1215
969,"AUDITÓRIO DA BIBLIOTECA MUNICIPAL DE SOUSEL",110,7,"SOUSEL",1215
970,"CINE ORIENTAL",333,17,"RUA VASCO DA GAMA - ALJUSTREL",201
971,"PRAÇA DE TOIROS ANTÓNIO MANUEL LAMPREIA- ALJUSTREL",776,18,"ALJUSTREL E RIO DE MOINHOS",201
972,"PRAÇA DE TOIROS PADRE SERRALHEIRO - MESSEJANA",2000,18,"MESSEJANA",201
973,"AUDITÓRIO DA BIBLIOTECA MUNICIPAL DE ALJUSTREL",124,7,"LARGO DA BIBLIOTECA",201
974,"SALA DE ESPECTÁCULOS DO CENTRO CULTURAL DO ALVITO",100,8,"LG DO RELÓGIO-EDIF DA CÂMARA MUNICIPAL",203
975,"CINE TEATRO DE BARRANCOS",243,7,"LUGAR AGARROCHA, BARRANCOS",204
976,"AUDITÓRIO DO CINE TEATRO PAX JÚLIA",622,14,"PRAÇA CORONEL BAPTISTA",205
977,"SALA ESTÚDIO DO CINE TEATRO PAX JÚLIA",100,8,"PRAÇA CORONEL BAPTISTA",205
978,"PRAÇA DE TOIROS JOSÉ VARELA CRUJO - BEJA",3822,18,"BEJA",205
979,"CINEMA MÉLIUS",218,17,"AVENIDA  FIALHO DE ALMEIDA, Nº. 18",205
980,"CINE TEATRO MUNICIPAL DE CASTRO VERDE",338,14,"PRAÇA DA LIBERDADE",206
981,"AUDITÓRIO DO CENTRO CULTURAL DE CUBA",204,7,"LARGO FIALHO DE ALMEIDA",207
982,"CENTRO CULTURAL MANUEL DA FONSECA",126,8,"RUA  ZECA AFONSO",208
983,"CINE TEATRO MARQUES DUQUE",173,14,"RUA DR. AFONSO COSTA",209
984,"CINE TEATRO CARIDADE",262,14,"PRAÇA SACADURA CABRAL",210
1,"CINE TEATRO VALADARES",142,1,"CAMINHA",1602
2,"AUDITÓRIO DA CASA DA CULTURA DE MELGAÇO",150,7,"AVENIDA CAPITÃO SALGUEIRO MAIA",1603
3,"CINE TEATRO JOÃO VERDE",291,14,"RUA ENG. DUARTE PACHECO",1604
4,"GRANDE SALA CENTRO CULT POLIVALENTE PAREDES COURA",500,8,"AV CÓNEGO BERNARDO CHOUZAL",1605
5,"AUDITÓRIO DO CENTRO CULT POLIVALENTE PAREDES COURA",149,7,"AV CÓNEGO BERNARDO CHOUZAL",1605
6,"TEATRO DIOGO BERNARDES",317,14,"RUA AGOSTINHO JOSÉ TAVEIRA",1607
7,"TEATRO MUNICIPAL SÁ DE MIRANDA",382,1,"R MAJOR XAVIER DA COSTA",1609
8,"CAFÉ CONCERTO DO TEATRO MUNICIPAL SÁ DE MIRANDA",200,2,"RUA MAJOR XAVIER DA COSTA",1609
9,"AUDITÓRIO VERDE VIANA",139,7,"PRAÇA 1º DE MAIO",1609
10,"AUDITÓRIO DA ASSOCIAÇÃO CULT. E EDUCAÇÃO POPULAR",90,7,"RUA MANUEL JOSÉ  MARQUES",1609
11,"CENTRO CULTURAL DE VIANA DO CASTELO",2896,12,"VIANA DO CASTELO",1609
12,"CINEPLACE ESTAÇÃO VIANA SHOPPING - SALA 1",122,15,"CENTRO COMERCIAL ESTAÇÃO VIANA",1609
13,"CINEPLACE ESTAÇÃO VIANA SHOPPING - SALA 2",146,15,"CENTRO COMERCIAL ESTAÇÃO VIANA",1609
14,"CINEPLACE ESTAÇÃO VIANA SHOPPING - SALA 3",189,15,"CENTRO COMERCIAL ESTAÇÃO VIANA",1609
15,"CINEPLACE ESTAÇÃO VIANA SHOPPING - SALA 4",229,15,"CENTRO COMERCIAL ESTAÇÃO VIANA",1609
16,"TEATRO GIL VICENTE",196,14,"LARGO DR. MARTINS LIMA",302
17,"AUDITÓRIO DA BIBLIOTECA DA C. M. DE BARCELOS",110,7,"LARGO DOUTOR JOSÉ NOVAIS",302
18,"SALA DE ESPECTÁCULOS DO CENTRO CÍVICO DOS FEITOS",130,8,"LUG DO MONTE - FEITOS",302
19,"CINEMA CINEMAX - SALA 1",214,15,"CAMPO 25 ABRIL",302
20,"CINEMA CINEMAX - SALA 2",211,15,"CAMPO 25 ABRIL",302
21,"SALA PRINCIPAL DO TEATRO CIRCO DE BRAGA",897,7,"AV DA LIBERDADE 785",303
22,"PEQUENO AUDITÓRIO TEATRO CIRCO DE BRAGA",240,7,"AV DA LIBERDADE 785",303
23,"CINEMA CINEMAX - SALA 1",181,15,"CENTRO COMERCIAL BRAGASHOPPING",303
24,"CINEMA CINEMAX - SALA 2",219,15,"CENTRO COMERCIAL BRAGASHOPPING",303
25,"CINEMA CINEMAX - SALA 3",157,15,"CENTRO COMERCIAL BRAGASHOPPING",303
26,"CINEMA CINEMAX - SALA 4",157,15,"CENTRO COMERCIAL BRAGASHOPPING",303
27,"CINEMA CINEMAX - SALA 5",157,15,"CENTRO COMERCIAL BRAGASHOPPING",303
28,"CINEMA BRAGA PARQUE - SALA 1",112,15,"CENTRO COMERCIAL BRAGA PARQUE-QTA DOS CONGREGADOS",303
29,"CINEMA BRAGA PARQUE - SALA 2",189,15,"CENTRO COMERCIAL BRAGA PARQUE-QTA DOS CONGREGADOS",303
30,"CINEMA BRAGA PARQUE - SALA 3",383,15,"CENTRO COMERCIAL BRAGA PARQUE-QTA DOS CONGREGADOS",303
31,"CINEMA BRAGA PARQUE - SALA 4",187,15,"CENTRO COMERCIAL BRAGA PARQUE-QTA DOS CONGREGADOS",303
32,"CINEMA BRAGA PARQUE - SALA 5",224,15,"CENTRO COMERCIAL BRAGA PARQUE-QTA DOS CONGREGADOS",303
33,"CINEMA BRAGA PARQUE - SALA 6",224,15,"CENTRO COMERCIAL BRAGA PARQUE-QTA DOS CONGREGADOS",303
34,"CINEMA BRAGA PARQUE - SALA 7",183,15,"CENTRO COMERCIAL BRAGA PARQUE-QTA DOS CONGREGADOS",303
35,"CINEMA BRAGA PARQUE - SALA 8",151,15,"CENTRO COMERCIAL BRAGA PARQUE-QTA DOS CONGREGADOS",303
36,"CINEMA BRAGA PARQUE - SALA 9",171,15,"CENTRO COMERCIAL BRAGA PARQUE-QTA DOS CONGREGADOS",303
37,"AUDITÓRIO MUNICIPAL DE ESPOSENDE",50,7,"LG RODRIGUES SAMPAIO",306
38,"AUDITÓRIO DO CENTRO DE ANIMAÇÃO DO GERÊS",150,7,"TERRAS DE BOURO",310
39,"SALA PRINCIPAL DO CINE TEATRO DE FAFE",302,14,"RUA MONSENHOR VIEIRA DE CASTRO",307
40,"PAVILHÃO MULTIUSOS DE FAFE",3300,12,"PARQUE DA CIDADE",307
41,"SALA MANOEL DE OLIVEIRA CINE TEATRO FAFE",152,15,"RUA MONSENHOR VIEIRA DE CASTRO",307
42,"SÃO MAMEDE CENTRO DE ARTES E ESPECTÁCULOS",672,7,"R DR JOSÉ SAMPAIO",308
43,"CAFÉ CONCERTO DO CENTRO DE ARTES E ESPECTÁCULOS",60,2,"RUA DR. JOSÉ SAMPAIO, Nº. 17 A 25",308
44,"GRANDE AUDITÓRIO DO CENTRO CULTURAL DE VILA FLOR",799,7,"AVENIDA DOM AFONSO HENRIQUES",308
45,"PEQUENO AUDITÓRIO DO CENTRO CULTURAL DE VILA FLOR",190,7,"AVENIDA DOM AFONSO HENRIQUES",308
46,"PAVILHÃO MULTIUSOS DE GUIMARÃES",7000,12,"ALAMEDA CIDADE DE LISBOA",308
47,"CINEMA GUIMARÃES SHOPPING CENTER - SALA 1",98,15,"LAMEIRAS - CREIXOMIL",308
48,"CINEMA GUIMARÃES SHOPPING CENTER - SALA 2",274,15,"LAMEIRAS - CREIXOMIL",308
49,"CINEMA GUIMARÃES SHOPPING CENTER - SALA 3",223,15,"LAMEIRAS - CREIXOMIL",308
50,"CINEMA GUIMARÃES SHOPPING CENTER - SALA 4",155,15,"LAMEIRAS - CREIXOMIL",308
51,"CINEMA GUIMARÃES SHOPPING CENTER - SALA 5",99,15,"LAMEIRAS - CREIXOMIL",308
52,"CINEMA GUIMARÃES SHOPPING CENTER - SALA 6",131,15,"LAMEIRAS - CREIXOMIL",308
53,"CINEMAS ESPAÇO GUIMARÃES - SALA 1",190,15,"ESPAÇO GUIMARÃES - RUA 25 DE ABRIL - SILVARES",308
54,"CINEMAS ESPAÇO GUIMARÃES - SALA 2",150,15,"ESPAÇO GUIMARÃES - RUA 25 DE ABRIL - SILVARES",308
55,"CINEMAS ESPAÇO GUIMARÃES - SALA 3",86,15,"ESPAÇO GUIMARÃES RUA 25 DE ABRIL  SILVARES",308
56,"CINEMAS ESPAÇO GUIMARÃES - SALA 4",100,15,"ESPAÇO GUIMARÃES RUA 25 DE ABRIL  SILVARES",308
57,"CINEMAS ESPAÇO GUIMARÃES - SALA 5",242,15,"ESPAÇO GUIMARÃES RUA 25 DE ABRIL  SILVARES",308
58,"THEATRO CLUB",120,1,"LARGO ANTÓNIO LOPES",309
59,"AUDITÓRIO MUNICIPAL DE VIEIRA DO MINHO",258,7,"PRAÇA DO PROFESSOR BRÁS DA MOTA",311
60,"AUDITÓRIO DO CENTRO CULTURAL DE JOANE",204,7,"RUA DR. AGOSTINHO FERNANDES, 113",312
61,"CASA DAS ARTES - GRANDE AUDITÓRIO",494,7,"AV DR CARLOS BACELAR - PARQUE DE SINÇÃES",312
62,"CASA DAS ARTES - PEQUENO AUDITÓRIO",124,7,"AV DR CARLOS BACELAR - PARQUE DE SINÇÃES",312
63,"CASA DAS ARTES - CAFÉ CONCERTO",50,2,"AV DR CARLOS BACELAR - PARQUE DE SINÇÃES",312
64,"CINEMA FORUM VIZELA - SALA 1",133,15,"QTA STA SUSANA - S. MIGUEL",314
65,"CINEMA FORUM VIZELA - SALA 2",103,15,"QTA STA SUSANA - S. MIGUEL",314
66,"CINEMA FORUM VIZELA - SALA 3",103,15,"QTA STA SUSANA - S. MIGUEL",314
67,"ESPAÇO MULTIUSOS AO AR LIVRE - VIZELA",8000,12,"RUA DA PORTELA",314
68,"AUDITÓRIO DO CENTRO CULTURAL DE VILA DAS AVES",160,7,"LUGAR DE FONTAINHAS",1314
69,"BANDA UNIÃO MUSICAL PARAMENSE-SEDE",320,3,"LG POCAS-PARAMOS",107
70,"SALA DE ESPETÁCULOS / BOITE E RESTAURANTE BACCARÁ",240,16,"RUA 19, N.º 85",107
71,"BAR PANORÂMICO DO CASINO DE ESPINHO",120,16,"RUA 19, N.º 85",107
72,"SALÃO ATLÂNTICO DO CASINO DE ESPINHO",500,16,"RUA 19, N.º 85",107
73,"AUDITÓRIO DA ACADEMIA DE MÚSICA DE ESPINHO",286,7,"RUA 34, N.º 884",107
74,"GRANDE AUDITÓRIO DO CENTRO MULTI-MEIOS DE ESPINHO",285,7,"AVENIDA 24, N.º 800",107
75,"AUDITÓRIO DA BIBLIOTECA MUNICIPAL DE ESPINHO",50,7,"AVENIDA 24",107
76,"AUDITÓRIO MUNICIPAL DE GONDOMAR",233,7,"AVENIDA 25 DE ABRIL, 103",1304
77,"CINEMA PARQUE NASCENTE - SALA 1",226,15,"PARQUE NASCENTE - RIO TINTO",1304
78,"CINEMA PARQUE NASCENTE - SALA 2",315,15,"PARQUE NASCENTE - RIO TINTO",1304
79,"CINEMA PARQUE NASCENTE - SALA 3",494,15,"PARQUE NASCENTE - RIO TINTO",1304
80,"CINEMA PARQUE NASCENTE - SALA 4",359,15,"PARQUE NASCENTE - RIO TINTO",1304
81,"CINEMA PARQUE NASCENTE - SALA 5",265,15,"PARQUE NASCENTE - RIO TINTO",1304
82,"CINEMA PARQUE NASCENTE - SALA 6",143,15,"PARQUE NASCENTE - RIO TINTO",1304
83,"CINEMA PARQUE NASCENTE - SALA 7",166,15,"PARQUE NASCENTE - RIO TINTO",1304
84,"CINEMA PARQUE NASCENTE - SALA 8",101,15,"PARQUE NASCENTE - RIO TINTO",1304
85,"CINEMA PARQUE NASCENTE - SALA 9",101,15,"PARQUE NASCENTE - RIO TINTO",1304
86,"CINEMA PARQUE NASCENTE - SALA 10",90,15,"PARQUE NASCENTE - RIO TINTO",1304
87,"CINEMA PARQUE NASCENTE - SALA 11",103,15,"PARQUE NASCENTE - RIO TINTO",1304
88,"CINEMA PARQUE NASCENTE - SALA 12",90,15,"PARQUE NASCENTE - RIO TINTO",1304
89,"PAVILHÃO MULTIUSOS DE GONDOMAR",8400,12,"AV MULTIUSOS",1304
90,"CINEMA MAIASHOPPING - SALA 1",279,15,"CENTRO COMERCIAL MAIASHOPPING-ARDEGÃES-ÁGUAS SANTAS",1306
91,"CINEMA MAIASHOPPING - SALA 2",172,15,"CENTRO COMERCIAL MAIASHOPPING-ARDEGÃES-ÁGUAS SANTAS",1306
92,"CINEMA MAIASHOPPING - SALA 3",173,15,"CENTRO COMERCIAL MAIASHOPPING-ARDEGÃES-ÁGUAS SANTAS",1306
93,"CINEMA MAIASHOPPING - SALA 4",145,15,"CENTRO COMERCIAL MAIASHOPPING-ARDEGÃES-ÁGUAS SANTAS",1306
94,"CINEMA MAIASHOPPING - SALA 5",146,15,"CENTRO COMERCIAL MAIASHOPPING-ARDEGÃES-ÁGUAS SANTAS",1306
95,"CINEMAS VIVACINE DA MAIA - SALA 1",156,15,"RUA FREDERICO ULRICH",1306
96,"CINEMAS VIVACINE DA MAIA - SALA 2",60,15,"RUA FREDERICO ULRICH",1306
97,"CINEMAS VIVACINE DA MAIA - SALA 3",131,15,"RUA FREDERICO ULRICH",1306
98,"CINEMAS VIVACINE DA MAIA - SALA 4",70,15,"RUA FREDERICO ULRICH",1306
99,"CINE TEATRO CONSTANTINO NERY-SALÃO POLIVALENTE",235,14,"MATOSINHOS",1308
100,"CAFÉ CONCERTO DO CINE TEATRO CONSTANTINO NERY",200,2,"MATOSINHOS",1308
101,"CINE TEATRO DO SALÃO PAROQUIAL DE MATOSINHOS",498,14,"R SILVA CUNHA 107",1308
102,"CENTRO PAROQUIAL COMISSÃO FABRIQ PAR PARAFITA-SEDE",500,3,"PARAFITA",1308
103,"SALÃO PAROQUIAL S MAMEDE DE INFESTA",378,3,"R SANTOS DIAS-S MAMEDE DE INFESTA",1308
104,"TEATRO ESTUDIO DA ASSOC REC AURORA DA LIBERDADE",168,5,"R DO GODINHO 445",1308
105,"CASA DO POVO DE STA CRUZ DO BISPO",100,3,"STA CRUZ DO BISPO",1308
106,"CINEMA NORTESHOPPING - SALA 1 VIP",67,15,"RUA SARA AFONSO, 105-107- CENTRO COMERCIAL NORTESHOPPING - MATOSINHOS",1308
107,"CINEMA NORTESHOPPING - SALA 2",268,15,"RUA SARA AFONSO, 105-107- CENTRO COMERCIAL NORTESHOPPING - MATOSINHOS",1308
108,"CINEMA NORTESHOPPING - SALA 3",476,15,"RUA SARA AFONSO, 105-117- CENTRO COMERCIAL NORTESHOPPING - MATOSINHOS",1308
109,"CINEMA NORTESHOPPING - SALA 4",267,15,"RUA SARA AFONSO, 105-117- CENTRO COMERCIAL NORTESHOPPING - MATOSINHOS",1308
110,"CINEMA NORTESHOPPING - SALA 5",201,15,"RUA SARA AFONSO, 105-117- CENTRO COMERCIAL NORTESHOPPING - MATOSINHOS",1308
111,"CINEMA NORTESHOPPING - SALA 6",159,15,"RUA SARA AFONSO, 105-117- CENTRO COMERCIAL NORTESHOPPING - MATOSINHOS",1308
112,"CINEMA NORTESHOPPING - SALA 7",266,15,"RUA SARA AFONSO, 105-117- CENTRO COMERCIAL NORTESHOPPING - MATOSINHOS",1308
113,"CINEMA NORTESHOPPING - SALA 8",266,15,"RUA SARA AFONSO, 105-117- CENTRO COMERCIAL NORTESHOPPING - MATOSINHOS",1308
114,"CINEMA DO CENTRO SOCIAL PADRE RAMOS",676,17,"LG DR FERNANDO AROSO - LAVRA",1308
115,"CINEMA NOS LUSOMUNDO MAR SHOPPING - SALA 1",452,15,"AV FERNANDO TÁVORA  231 - LEÇA DA PALMEIRA",1308
116,"CINEMA NOS LUSOMUNDO MAR SHOPPING - SALA 2",121,15,"AV FERNANDO TÁVORA  231 - LEÇA DA PALMEIRA",1308
117,"CINEMA NOS LUSOMUNDO MAR SHOPPING - SALA 3",90,15,"AV FERNANDO TÁVORA  231 - LEÇA DA PALMEIRA",1308
118,"CINEMA NOS LUSOMUNDO MAR SHOPPING - SALA 4",164,15,"AV FERNANDO TÁVORA  231 - LEÇA DA PALMEIRA",1308
119,"CINEMA NOS LUSOMUNDO MAR SHOPPING - SALA 5",78,15,"AV FERNANDO TÁVORA  231 - LEÇA DA PALMEIRA",1308
120,"CINEMA NOS LUSOMUNDO MAR SHOPPING - SALA 6",103,15,"AV FERNANDO TÁVORA  231 - LEÇA DA PALMEIRA",1308
121,"CINEMA NOS LUSOMUNDO MAR SHOPPING - SALA 7",73,15,"AV FERNANDO TÁVORA  231 - LEÇA DA PALMEIRA",1308
122,"CINEMA NOS LUSOMUNDO MAR SHOPPING - SALA IMAX",442,15,"AV FERNANDO TÁVORA  231 - LEÇA DA PALMEIRA",1308
123,"AUDITÓRIO EXPONOR",958,7,"AV DR ANTÓNIO MACEDO",1308
124,"CINEMA BÉBÉ",116,15,"PC DA BATALHA 47",1312
125,"TEATRO CARLOS ALBERTO",338,1,"RUA DAS OLIVEIRAS",1312
126,"CINEMA ESTUDIO CENTRO CARID N SRA PERPÉTUO SOCORRO",493,17,"RUA COSTA CABRAL 128",1312
127,"CINEMA PASSOS MANUEL",182,17,"RUA  PASSOS MANUEL Nº. 137",1312
128,"TEATRO NACIONAL DE S JOÃO",643,1,"PC DA BATALHA",1312
129,"CASA DE FADOS A CASA DA MARIQUINHAS",50,9,"RUA SÃO SEBASTIÃO 25",1312
130,"RESTAURANTE TÍPICO O FADO",64,9,"LARGO SÃO JOÃO NOVO 16-16A",1312
131,"CASA DE FADOS MAL COZINHADO",80,9,"RUA OUTEIRINHO 11",1312
132,"TEATRO DE BELOMONTE-TEATRO DE MARIONETAS DO PORTO",48,7,"R BELMONTE 57",1312
133,"AUDITÓRIO DA FUNDAÇÃO ENG ANTÓNIO DE ALMEIDA",283,7,"R TENENTE VALADIM 325",1312
134,"CINEMA NUNALVARES",192,17,"RUA GUERRA JUNQUEIRO,Nº. 493",1312
135,"AUDITÓRIO DO BALLET TEATRO CONTEMPORÂNEO DO PORTO",180,7,"PC 9 DE ABRIL 70-76",1312
136,"TEATRO DA VILARINHA",108,1,"Rua da Vilarinha, 1386",1312
137,"AUDITÓRIO DO TEATRO DO CAMPO ALEGRE",392,1,"R DAS ESTRELAS",1312
138,"SALA ESTÚDIO DO CAMPO ALEGRE",62,1,"R DAS ESTRELAS",1312
139,"CINESTÚDIO DO CAMPO ALEGRE",70,17,"R DAS ESTRELAS",1312
140,"CAFÉ TEATRO DO CAMPO ALEGRE",142,2,"R DAS ESTRELAS",1312
141,"CASA DAS ARTES DO PORTO-SALA HENRIQUE ALVES COSTA",195,17,"RUA RUBEN A 2010",1312
142,"AUDITÓRIO DA CASA DAS ARTES DO PORTO",195,7,"RUA RUBEN A 2010",1312
143,"GRANDE AUDITÓRIO DO TEATRO MUNICIPAL RIVOLI",838,7,"PC D JOÃO I",1312
144,"PEQUENO AUDITÓRIO DO TEATRO MUNICIPAL RIVOLI",174,7,"PC D JOÃO I",1312
145,"AUDITÓRIO DO MUSEU DE SERRALVES",252,7,"RUA D JOÃO DE CASTRO Nº. 210",1312
146,"CINE TEATRO SÁ DA BANDEIRA",850,14,"RUA SÁ DA BANDEIRA, Nº. 94",1312
147,"CINEMA ESTÚDIO 111 (TEATRO SÁ DA BANDEIRA)",29,17,"RUA SÁ DA BANDEIRA 108",1312
148,"ESTUDIO TEATRO LATINO",116,5,"R 31 DE JANEIRO 97",1312
149,"COLISEU DO PORTO",3500,4,"RUA PASSOS MANUEL Nº.137",1312
150,"SALÃO ÁTICO",476,8,"RUA PASSOS MANUEL, Nº. 137  COLISEU DO PORTO",1312
151,"SALÃO JARDIM (EX CAFÉ CONCERTO DO COLISEU DO PORTO",200,8,"R PASSOS MANUEL 137-EDIF DO COLISEU DO PORTO",1312
152,"TEATRO HELENA SÁ E COSTA",236,1,"RUA DA ALEGRIA, Nº. 503  PORTO",1312
153,"AUDITÓRIO DA BIBLIOTECA ALMEIDA GARRETT",192,7,"RUA D MANUEL II - PALÁCIO DE CRISTAL",1312
154,"CASA DA MÚSICA - SALA SUGGIA",1244,7,"AVENIDA DA BOAVISTA Nº. 604 - 610",1312
155,"CASA DA MÚSICA - SALA 2",650,7,"AVENIDA DA BOAVISTA Nº. 604 - 610",1312
156,"AUDITÓRI0/TEATRO COLÉGIO LUSO INTERNACIONAL PORTO",200,1,"RUA DE VILA NOVA Nº. 1071",1312
157,"PAVILHÃO MULTIUSOS COLÉGIO LUSO INTERNAC. PORTO",999,12,"RUA DE VILA NOVA Nº. 1071",1312
158,"AUDITÓRIO DO MOSTEIRO DE SÃO BENTO DA VITÓRIA",357,8,"RUA DO MOSTEIRO DE SÃO BENTO DA VITÓRIA",1312
159,"AUDITÓRIO FACULDADE ENGENHARIA UNIVERSIDADE PORTO",500,7,"RUA DR. ROBERTO FRIAS",1312
160,"CINEMAS ALAMEDA SHOP - SPOT PORTO - SALA 1",289,15,"R DOS CAMPEÕES EUROPEUS 28/198",1312
161,"CINEMAS ALAMEDA SHOP - SPOT PORTO - SALA 2",141,15,"R DOS CAMPEÕES EUROPEUS 28/198",1312
162,"CINEMAS ALAMEDA SHOP - SPOT PORTO - SALA 3",183,15,"R DOS CAMPEÕES EUROPEUS 28/198",1312
163,"CINEMAS ALAMEDA SHOP - SPOT PORTO - SALA 4",158,15,"R DOS CAMPEÕES EUROPEUS 28/198",1312
164,"CINEMAS ALAMEDA SHOP - SPOT PORTO - SALA 5",158,15,"R DOS CAMPEÕES EUROPEUS 28/198",1312
165,"CINEMAS ALAMEDA SHOP - SPOT PORTO - SALA 6",119,15,"R DOS CAMPEÕES EUROPEUS 28/198",1312
166,"CINEMAS ALAMEDA SHOP - SPOT PORTO - SALA 7",80,15,"R DOS CAMPEÕES EUROPEUS 28/198",1312
167,"HARD CLUB DO MERCADO FERREIRA BORGES",400,12,"PRAÇA DO INFANTE, nº. 95",1312
168,"SALA POLIVALENTE DO MERCADO FERREIRA BORGES",200,3,"PRAÇA DO INFANTE, nº.95",1312
169,"CINE TEATRO GARRETT",470,14,"RUA JOSÉ MALGUEIRA  9 A 15",1313
170,"CAFÉ CONCERTO DO CINE TEATRO GARRETT",50,2,"RUA JOSÉ MALGUEIRA  5",1313
171,"PRAÇA DE TOIROS DA PÓVOA DE VARZIM",5081,18,"LARGO DR. JOSÉ PONTES",1313
172,"SALÃO DE OURO DO CASINO DA PÓVOA DE VARZIM",596,16,"PÓVOA DE VARZIM",1313
173,"CASA DO POVO DE SOBRADO-SEDE",400,3,"R DA CASA DO POVO",1315
174,"AUDITÓRIO DO FÓRUM CULTURAL DE ERMESINDE",302,7,"RUA FÁBRICA DA CERÂMICA",1315
175,"GRANDE AUDITÓRIO DO CINE TEATRO NEIVA",625,7,"AV DR JOÃO CANAVARRO",1316
176,"SALA EXPERIMENTAL DO CINE TEATRO NEIVA",140,8,"AV DR. JOÃO CANAVARRO",1316
177,"AUDITÓRIO MUNICIPAL DE VILA DO CONDE",200,7,"PC DA REPÚBLICA",1316
178,"CINE TEATRO EDUARDO BRAZÃO",277,14,"RUA PROFESSOR AMADEU SANTOS",1317
179,"CINEMA DE SANDIM",200,17,"RUA DO CABO, Nº. 444 - SANDIM",1317
180,"CINEMA GAIASHOPPING - SALA 4DX",151,15,"AVENIDA DOS DESCOBRIMENTOS, Nº. 549 - CENTRO COMERCIAL GAIASHOPPING",1317
181,"CINEMA GAIASHOPPING - SALA 2",83,15,"AVENIDA DOS DESCOBRIMENTOS, Nº. 549 - CENTRO COMERCIAL GAIASHOPPING",1317
182,"CINEMA GAIASHOPPING - SALA 3",250,15,"AVENIDA DOS DESCOBRIMENTOS, Nº. 549 - CENTRO COMERCIAL GAIASHOPPING",1317
183,"CINEMA GAIASHOPPING - SALA 4",376,15,"AVENIDA DOS DESCOBRIMENTOS, Nº. 549 - CENTRO COMERCIAL GAIASHOPPING",1317
184,"CINEMA GAIASHOPPING - SALA 5",234,15,"AVENIDA DOS DESCOBRIMENTOS, Nº. 549 - CENTRO COMERCIAL GAIASHOPPING",1317
185,"CINEMA GAIASHOPPING - SALA 6",166,15,"AVENIDA DOS DESCOBRIMENTOS, Nº. 549 - CENTRO COMERCIAL GAIASHOPPING",1317
186,"CINEMA GAIASHOPPING - SALA 7",164,15,"AVENIDA DOS DESCOBRIMENTOS, Nº. 549-CENTRO COMERCIAL GAIASHOPPING",1317
187,"CINEMA GAIASHOPPING - SALA 8",178,15,"AVENIDA DOS DESCOBRIMENTOS, Nº. 549 - CENTRO COMERCIAL GAIASHOPPING",1317
188,"CINEMA GAIASHOPPING - SALA 9",178,15,"AVENIDA DOS DESCOBRIMENTOS, Nº. 549 - CENTRO COMERCIAL GAIASHOPPING",1317
189,"CINEMA UCI ARRÁBIDA 20 - SALA 1",322,15,"ARRABIDA SHOPPING-CANDAL-AFURADA",1317
190,"CINEMA UCI ARRÁBIDA 20 - SALA 2",233,15,"ARRABIDA SHOPPING-CANDAL-AFURADA",1317
191,"CINEMA UCI ARRÁBIDA 20 - SALA 3",151,15,"ARRABIDA SHOPPING-CANDAL-AFURADA",1317
192,"CINEMA UCI ARRÁBIDA 20 - SALA 4",150,15,"ARRABIDA SHOPPING-CANDAL-AFURADA",1317
193,"CINEMA UCI ARRÁBIDA 20 - SALA 5",124,15,"ARRABIDA SHOPPING-CANDAL-AFURADA",1317
194,"CINEMA UCI ARRÁBIDA 20 - SALA 6",124,15,"ARRABIDA SHOPPING-CANDAL-AFURADA",1317
195,"CINEMA UCI ARRÁBIDA 20 - SALA 7",125,15,"ARRABIDA SHOPPING-CANDAL-AFURADA",1317
196,"CINEMA UCI ARRÁBIDA 20 - SALA 8",133,15,"ARRABIDA SHOPPING-CANDAL-AFURADA",1317
197,"CINEMA UCI ARRÁBIDA 20 - SALA 9",163,15,"ARRABIDA SHOPPING-CANDAL-AFURADA",1317
198,"CINEMA UCI ARRÁBIDA 20 - SALA 10",163,15,"ARRABIDA SHOPPING-CANDAL-AFURADA",1317
199,"CINEMA UCI ARRÁBIDA 20 - SALA 11",212,15,"ARRABIDA SHOPPING-CANDAL-AFURADA",1317
200,"CINEMA UCI ARRÁBIDA 20 - SALA 12",234,15,"ARRABIDA SHOPPING-CANDAL-AFURADA",1317
201,"CINEMA UCI ARRÁBIDA 20 - SALA 13",200,15,"ARRABIDA SHOPPING-CANDAL-AFURADA",1317
202,"CINEMA UCI ARRÁBIDA 20 - SALA 14",164,15,"ARRABIDA SHOPPING-CANDAL-AFURADA",1317
203,"CINEMA UCI ARRÁBIDA 20 - SALA 15",607,15,"ARRABIDA SHOPPING-CANDAL-AFURADA",1317
204,"CINEMA UCI ARRÁBIDA 20 - SALA 16",519,15,"ARRABIDA SHOPPING-CANDAL-AFURADA",1317
205,"CINEMA UCI ARRÁBIDA 20 - SALA 17",131,15,"ARRABIDA SHOPPING-CANDAL-AFURADA",1317
206,"CINEMA UCI ARRÁBIDA 20 - SALA 18",144,15,"ARRABIDA SHOPPING-CANDAL-AFURADA",1317
207,"CINEMA UCI ARRÁBIDA 20 - SALA 19",138,15,"ARRABIDA SHOPPING-CANDAL-AFURADA",1317
208,"CINEMA UCI ARRÁBIDA 20 - SALA 20",314,15,"ARRABIDA SHOPPING-CANDAL-AFURADA",1317
209,"TEATRO AMADOR DE SANDIM",150,1,"RUA DO TEATRO AMADOR, 120",1317
210,"AUDITÓRIO MUNICIPAL DE VILA NOVA DE GAIA",330,7,"RUA DE MOÇAMBIQUE",1317
211,"AUDITÓRIO MUNICIPAL DE CASTELO DE PAIVA",200,7,"PARQUE DA QUINTA DO PINHEIRO",106
212,"CINE TEATRO RAIMUNDO DE MAGALHÃES",497,14,"RUA RAIMUNDO MAGALHÃES",1301
213,"TEATRO FONSECA MOREIRA-CASA ARTES DE FELGUEIRAS",266,1,"AVENIDA DR. MAGALHÃES LEMOS -  MARGARIDE",1303
214,"CAFÉ CONCERTO - CASA DAS ARTES DE FELGUEIRAS",300,2,"AVENIDA DR. MAGALHÃES LEMOS - MARGARIDE",1303
215,"AUDITÓRIO MUNICIPAL DE LOUSADA",249,7,"QUINTA DAS POCINHAS - SILVARES",1305
216,"CINEMAS FERRARA PLAZA - SALA 1",103,15,"RUA DAS PEDREIRAS, 36 - CARVALHOSA",1309
217,"CINEMAS FERRARA PLAZA - SALA 2",190,15,"RUA DAS PEDREIRAS, 36 - CARVALHOSA",1309
218,"CINEMAS FERRARA PLAZA - SALA 3",124,15,"RUA DAS PEDREIRAS, 36 - CARVALHOSA",1309
219,"CINEMAS FERRARA PLAZA - SALA 4",124,15,"RUA DAS PEDREIRAS, 36 - CARVALHOSA",1309
220,"CINEMAS FERRARA PLAZA - SALA 5",124,15,"RUA DAS PEDREIRAS, 36 - CARVALHOSA",1309
221,"AUDITÓRIO DA FUNDAÇÃO A LORD",265,7,"RUA DA COOPERATIVA - LORDELO",1310
222,"AUDITÓRIO DA CASA DA CULTURA DE PAREDES",187,7,"AV DA REPÚBLICA  176C",1310
223,"CINEMA CINEMAX - SALA 1",103,15,"RUA D. ANTÓNIO FERREIRA GOMES",1311
224,"CINEMA CINEMAX - SALA 2",172,15,"RUA D. ANTÓNIO FERREIRA GOMES",1311
225,"CINEMA CINEMAX - SALA 3",93,15,"RUA D. ANTÓNIO FERREIRA GOMES",1311
226,"AUDITÓRIO MUNICIPAL DE RIBEIRA DE PENA",178,7,"BAIRRO DO CAVALINHO - SALVADOR",1709
227,"AUDITÓRIO DA LOJA INTERACTIVA DE TURISMO",200,17,"RUA ABEL BOTELHO N.º 4",104
228,"CINE TEATRO ANTÓNIO LAMOSO",520,14,"AVENIDA PROFESSOR EGAS MONIZ, N.º 11",109
229,"AUDITÓRIO DO EUROPARQUE",1408,7,"ESPARGO",109
230,"CINE TEATRO CARACAS",691,14,"AVENIDA DR ANTÓNIO JOSÉ DE ALMEIDA",113
231,"AUDITÓRIO DA JUNTA DE FREGUESIA OLIVEIRA AZEMÉIS",198,7,"RUA CONSELHEIRO BOAVENTURA DE SOUSA",113
232,"AUDITÓRIO DA JUNTA DE FREGUESIA DE CARREGOSA",289,7,"RUA AUGUSTO SANTOS",113
233,"CASA DAS ARTES DO ESPETÁCULO (EX CINEMA IMPERADOR)",947,14,"PRAÇA 25 DE ABRIL",116
234,"AUDITÓRIO MUNICIPAL DE S. JOÃO DA MADEIRA",199,7,"RUA 11 DE OUTUBRO",116
235,"CINEPLACE 8ª AVENIDA - SALA 1",253,15,"CENTRO COMERCIAL 8ª. AVENIDA - AVENIDA DR. RENATO ARAÚJO, Nº. 1625",116
236,"CINEPLACE 8ª AVENIDA - SALA 2",187,15,"CENTRO COMERCIAL 8ª. AVENIDA - AVENIDA DR. RENATO ARAÚJO, Nº. 1625",116
237,"CINEPLACE 8ª AVENIDA - SALA 3",139,15,"CENTRO COMERCIAL 8ª. AVENIDA - AVENIDA DR. RENATO ARAÚJO, Nº. 1625",116
238,"CINEPLACE 8ª AVENIDA - SALA 4",106,15,"CENTRO COMERCIAL 8ª. AVENIDA - AVENIDA DR. RENATO ARAÚJO, Nº. 1625",116
239,"CINEPLACE 8ª AVENIDA - SALA 5",77,15,"CENTRO COMERCIAL 8ª. AVENIDA - AVENIDA DR. RENATO ARAÚJO, Nº. 1625",116
240,"AUDITÓRIO MUNICIPAL CENTRO INOVAÇAO TEC INOVARURAL",213,7,"R LUÍS DE CAMÕES",403
241,"AUDITÓRIO MUNICIPAL DE FREIXO DE ESPADA Á CINTA",179,7,"AVENIDA GUERRA JUNQUEIRO",404
242,"CINE TEATRO DE TORRE DE MONCORVO",293,14,"AVENIDA ENGENHEIRO DUARTE PACHECO",409
243,"AUDITÓRIO DO CENTRO CULTURAL DE VILA NOVA FOZ CÔA",181,7,"AVENIDA GAGO COUTINHO E SACADURA CABRAL",914
244,"AUDITÓRIO MUNICIPAL DE MESÃO FRIO",96,7,"MESÃO FRIO",1704
245,"AUDITORIO MUNICIPAL DE SABROSA",225,7,"RUA DO LORETO / RUA FLORINDO CALHELHA",1710
246,"AUDITÓRIO DE SANTA MARTA DE PENAGUIÃO",221,7,"ALAMEDA 13 DE JANEIRO",1711
247,"GRANDE AUDITÓRIO DO TEATRO MUNICIPAL DE VILA REAL",540,7,"LUGAR DA GUIA - ALAMEDA DE GRASSE",1714
248,"PEQUENO AUDITÓRIO DO TEATRO MUNICIPAL DE VILA REAL",145,7,"LUGAR DA GUIA - ALAMEDA DE GRASSE",1714
249,"AUDITÓRIO AO AR LIVRE DO TEATRO MUN DE VILA REAL",700,7,"ALAMEDA DE GRASSE",1714
250,"CAFÉ CONCERTO DO TEATRO MUNICIPAL DE VILA REAL",100,2,"ALAMEDA DE GRASSE",1714
251,"CINEMA NOS NOSSO SHOPPING DOURO - SALA 1",226,15,"LUGAR DA GUIA - ALAMEDA DE GRASSE",1714
252,"CINEMA NOS NOSSO SHOPPING DOURO - SALA 2",103,15,"LUGAR DA GUIA ALAMEDA DE GRASSE",1714
253,"CINEMA NOS NOSSO SHOPPING DOURO - SALA 3",103,15,"LUGAR DA GUIA - ALAMEDA DE GRASSE",1714
254,"CINEMA NOS NOSSO SHOPPING DOURO - SALA 4",112,15,"LUGAR DA GUIA - ALAMEDA DE GRASSE",1714
255,"CINEMA NOS NOSSO SHOPPING DOURO - SALA 5",146,15,"LUGAR DA GUIA - ALAMEDA DE GRASSE",1714
256,"CINEMA NOS NOSSO SHOPPING DOURO - SALA 6",146,15,"LUGAR DA GUIA - ALAMEDA DE GRASSE",1714
257,"CINEMA NOS NOSSO SHOPPING DOURO - SALA 7",93,15,"LUGAR DA GUIA - ALAMEDA DE GRASSE",1714
258,"TEATRO RIBEIRO DA CONCEIÇÃO",419,14,"LG DE CAMÕES",1805
259,"PAVILHÃO MULTIUSOS DE LAMEGO",2591,12,"LARGO DA FEIRA - ALMACAVE",1805
260,"AUDITÓRIO MUNICIPAL PADRE BENTO DA GUIA",141,7,"PC COMANDANTE REQUEIJO",1807
261,"CINE FORUM DE PENEDONO",150,7,"AV ADRIANO DE ALMEIDA",1812
262,"CINE TEATRO MUNICIPAL DE S. JOÃO DA PESQUEIRA",382,14,"S. JOÃO DA PESQUEIRA",1815
263,"AUDITÓRIO MUNICIPAL DE SERNANCELHE",138,7,"PAÇOS DO CONCELHO - CENTRO HISTÓRICO DA VILA",1818
264,"AUDITÓRIO MUNICIPAL DE TAROUCA",196,7,"CENTRO CULTURAL DE TAROUCA",1820
265,"TEATRO MUNICIPAL DE BRAGANÇA",400,1,"AVENIDA DR. FRANCISCO SÁ CARNEIRO",402
266,"CINE TEATRO DE MACEDO DE CAVALEIROS",305,14,"RUA ENGENHEIRO MOURA PEGADO",405
267,"AUDITÓRIO MUNICIPAL DE MIRANDA DO DOURO",280,7,"RUA DA TRINDADE",406
268,"MINI AUDITÓRIO MUNICIPAL DE MIRANDA DO DOURO",87,7,"MIRANDA DO DOURO",406
269,"PRAÇA DE TOIROS DE URRÓS",3500,18,"URRÓS",408
270,"AUDITÓRIO DA CASA DA CULTURA DE MOGADOURO",199,7,"LARGO DAS EIRAS",408
271,"AUDITÓRIO DA CASA DA CULTURA DO VIMIOSO",168,7,"RUA DO CANO",411
272,"PRAÇA DE TOIROS DE VINHAIS",1952,18,"VINHAIS",412
273,"SALA DE ESPECTÁCULOS DO HOTEL DO CASINO DE CHAVES",800,16,"LUGAR DO EXTREMO - VALDANTA",1703
274,"AUDITÓRIO MUNICIPAL DE MONTALEGRE",314,7,"MONTALEGRE",1706
275,"AUDITÓRIO MUNICIPAL DE MURÇA",182,7,"ALAMEDA 8 DE MAIO",1707
276,"AUDITÓRIO DO CENTRO CULTURAL LUÍS TEIXEIRA",234,7,"RUA JÚLIO DO CARVALHAL",1712
277,"AUDITÓRIO PARQUE EXPOSI. ANIMAÇ. ECONÓMI. VALPAÇOS",210,7,"RUA GUTTEMBERG",1712
278,"CINE TEATRO DE VILA POUCA DE AGUIAR",310,14,"PC LUIS DE CAMÕES",1713
279,"SALA DE ESPECTÁCULOS CASA DO POVO VALONGO DO VOUGA",303,3,"ARRANCADA DO VOUGA-VALONGO DO VOUGA",101
280,"CINE TEATRO SÃO PEDRO DE ÁGUEDA",687,14,"LARGO DR ANTÓNIO BREDA Nº. 27",101
281,"CINE TEATRO ALBA - SALA PRINCIPAL",503,14,"ALAMEDA 5 DE OUTUBRO",102
282,"CINE TEATRO ALBA - SALA ESTÚDIO",60,14,"ALAMEDA 5 DE OUTUBRO",102
283,"CINE TEATRO ALBA - CAFÉ CONCERTO",60,2,"ALAMEDA 5 DE OUTUBRO",102
284,"AUDITÓRIO DO CENTRO CULTURAL DA BRANCA",180,7,"CASALDIMA - BRANCA",102
285,"CINE TEATRO DE ANADIA",277,14,"URBANIZAÇÃO DO MONTOURO",103
286,"TEATRO AVEIRENSE - SALA PRINCIPAL",603,14,"RUA BELÉM DO PARÁ",105
287,"SALA ESTÚDIO DO TEATRO AVEIRENSE",150,8,"RUA BELÉM DO PARÁ",105
288,"SALÃO NOBRE DO TEATRO AVEIRENSE",300,8,"RUA BELÉM DO PARÁ",105
289,"AUDITÓRIO DO CENTRO DE JUVENTUDE DE AVEIRO-SEC",156,7,"AVEIRO",105
290,"CINEMA ESTUDIO OITA",219,17,"AV DR LOURENÇO PEIXINHO 146-R COM ROCHA E CUNHA 7",105
291,"CINEMAS FORUM AVEIRO - SALA 1",137,15,"FORUM AVEIRO-R HOMEM CRISTO-VERA CRUZ",105
292,"CINEMAS FORUM AVEIRO - SALA 2",96,15,"FORUM AVEIRO-R HOMEM CRISTO-VERA CRUZ",105
293,"CINEMAS FORUM AVEIRO - SALA 3",114,15,"FORUM AVEIRO-R HOMEM CRISTO-VERA CRUZ",105
294,"CINEMAS FORUM AVEIRO - SALA 4",144,15,"FORUM AVEIRO-R HOMEM CRISTO-VERA CRUZ",105
295,"CINEMAS FORUM AVEIRO - SALA 5",87,15,"FORUM AVEIRO-R HOMEM CRISTO-VERA CRUZ",105
296,"CINEMAS FORUM AVEIRO - SALA 6",129,15,"FORUM AVEIRO-R HOMEM CRISTO-VERA CRUZ",105
297,"CINEMAS FORUM AVEIRO - SALA 7",217,15,"FORUM AVEIRO-R HOMEM CRISTO-VERA CRUZ",105
298,"CINEMA GLICINIAS - SALA 1",138,15,"CENTRO COMERCIAL DAS GLICÍNIAS - AVEIRO",105
299,"CINEMA GLICINIAS - SALA 2",115,15,"CENTRO COMERCIAL DAS GLICÍNIAS - AVEIRO",105
300,"CINEMA GLICINIAS - SALA 3",140,15,"CENTRO COMERCIAL DAS GLICÍNIAS - AVEIRO",105
301,"CINEMA GLICINIAS - SALA 4",231,15,"CENTRO COMERCIAL DAS GLICÍNIAS - AVEIRO",105
302,"CINEMA GLICINIAS - SALA 5",131,15,"CENTRO COMERCIAL DAS GLICÍNIAS - AVEIRO",105
303,"CINEMA GLICINIAS - SALA 6",305,15,"CENTRO COMERCIAL DAS GLICÍNIAS - AVEIRO",105
304,"CINEMA GLICINIAS - SALA 7",152,15,"CENTRO COMERCIAL DAS GLICÍNIAS - AVEIRO",105
305,"ESTÚDIO PERFORMAS - TEATRO AVENIDA",120,5,"AVENIDA. DR. LOURENÇO PEIXINHO, Nº. 96 - R/C",105
306,"CINE TEATRO MUNICIPAL DE ESTARREJA",508,14,"RUA VISCONDE VALDEMOURO",108
307,"RESTAURANTE TÍPICO A ADEGA DO EMÍDIO",80,9,"R DA ALDEIA-CANELAS",108
308,"TEATRO DA FÁBRICA VISTA ALEGRE",166,1,"LARGO DA VISTA ALEGRE",110
309,"AUDITÓRIO DO CENTRO CULTURAL DE ÍLHAVO",501,7,"AVENIDA 25 DE ABRIL",110
310,"GRANDE AUDITÓRIO CENTRO CULTURAL GAFANHA NAZARÉ",386,7,"RUA PRIOR GUERRA - GAFANHA DA NAZARÉ",110
311,"AUDITÓRIO DO CENTRO SÓCIO-CULTURAL DA COSTA NOVA",300,7,"AV. DE NOSSA SENHORA DA SAÚDE, COSTA NOVA - ÍLHAVO",110
312,"CINE TEATRO MESSIAS",366,14,"ALAMEDA DA CIDADE",111
313,"AUDITÓRIO DA CASA DA CULTURA DE OLIVEIRA DO BAIRRO",480,7,"OLIVEIRA DO BAIRRO",114
314,"AUDITÓRIO DO CENTRO DE ARTE DE OVAR",348,7,"RUA ARQ. JANUÁRIO GODINHO",115
315,"ARENA DOLCE VITA",3600,12,"AVENIDA D. MANUEL I - ZONA INDUSTRIAL DO FURADOURO",115
316,"CINEMA DO CENTRO COMERCIAL DOLCE VITA OVAR",72,17,"AVENIDA D. MANUEL I, C.C. DOLCE VITA - LOJA 31",115
317,"CENTRO DAS ARTES E DO ESPECTÁCULO-SEVER DO VOUGA",323,7,"AVENIDA COMENDADOR AUGUSTO MARTINS PEREIRA",117
318,"AUDITÓRIO DO CENTRO DE EDUCAÇÃO E RECREIO DE VAGOS",174,7,"R ANTONIO CARLOS VIDAL",118
319,"SALÃO DE FESTAS DA CASA DO POVO DE COVÕES",280,3,"COVOES",602
320,"THEATRIX - EX TEATRO CINEMA AVENIDA DE COIMBRA",869,14,"EDIFICIO AVENIDA R/C",603
321,"TEATRO ACADÉMICO DE GIL VICENTE",768,1,"PRAÇA DA REPÚBLICA",603
322,"TEATRO LOUCOMOTIVA - TAVEIRO",104,8,"TAVEIRO",603
323,"TEATRO CERCA DE SAO BERNARDO",328,1,"CERCA DE SAO BERNARDO",603
324,"OFICINA MUNICIPAL DO TEATRO DE COIMBRA",200,1,"RUA PEDRO NUNES",603
325,"CASA DE FADOS À CAPELLA",32,9,"RUA CORPO DE DEUS - LG DA VICTÓRIA - CAPELA Nª SRª DA VICTÓRIA",603
326,"CINEMAS NOS ALMA SHOPPING COIMBRA - SALA 1",206,15,"R GEN HUMBERTO DELGADO 207",603
327,"CINEMAS NOS ALMA SHOPPING COIMBRA - SALA 2",115,15,"R GEN HUMBERTO DELGADO 207",603
328,"CINEMAS NOS ALMA SHOPPING COIMBRA - SALA 3",153,15,"R GEN HUMBERTO DELGADO 207",603
329,"CINEMAS NOS ALMA SHOPPING COIMBRA - SALA 4",152,15,"R GEN HUMBERTO DELGADO 207",603
330,"CINEMAS NOS ALMA SHOPPING COIMBRA - SALA 5",193,15,"R GEN HUMBERTO DELGADO 207",603
331,"CINEMAS NOS ALMA SHOPPING COIMBRA - SALA 6",98,15,"R GEN HUMBERTO DELGADO 207",603
332,"CINEMAS NOS ALMA SHOPPING COIMBRA - SALA 7",96,15,"R GEN HUMBERTO DELGADO 207",603
333,"CINEMAS NOS ALMA SHOPPING COIMBRA - SALA 8",126,15,"R GEN HUMBERTO DELGADO 207",603
334,"CINEMAS NOS ALMA SHOPPING COIMBRA - SALA 9",132,15,"R GEN HUMBERTO DELGADO 207",603
335,"CINEMAS NOS ALMA SHOPPING COIMBRA - SALA 10",134,15,"R GEN HUMBERTO DELGADO 207",603
336,"CINEMAS FORUM COIMBRA - SALA 1",150,15,"QUINTA DO VALE GEMIL",603
337,"CINEMAS FORUM COIMBRA - SALA 2",220,15,"QUINTA DO VALE GEMIL",603
338,"CINEMAS FORUM COIMBRA - SALA 3",220,15,"QUINTA DO VALE GEMIL",603
339,"CINEMAS FORUM COIMBRA - SALA 4",306,15,"QUINTA DO VALE GEMIL",603
340,"CINEMAS FORUM COIMBRA - SALA 5",306,15,"QUINTA DO VALE GEMIL",603
341,"CINEMAS FORUM COIMBRA - SALA 6",306,15,"QUINTA DO VALE GEMIL",603
342,"ANFITEATRO AO AR LIVRE - QUINTA DAS LÁGRIMAS",879,10,"QUINTA DAS LÁGRIMAS - COIMBRA",603
343,"AUDITÓRIO DO CONVENTO DE S. FRANCISCO",1137,7,"AVENIDA DA GUARDA INGLESA",603
344,"CINE TEATRO DO GRUPO CARAS DIREITAS",375,14,"LARGO CARAS DIREITAS - BUARCOS",605
345,"SALÃO NOBRE DO CASINO DA FIGUEIRA DA FOZ",722,16,"R BERNARDO LOPES",605
346,"PRAÇA DE TOIROS DA FIGUEIRA DA FOZ",4821,18,"LARGO DO COLISEU FIGUEIRENSE",605
347,"AUDITÓRIO MUNICIPAL DA FIGUEIRA DA FOZ",228,7,"RUA CALOUSTE GULBENKIAN",605
348,"CINEMA FOZ PLAZA - SALA 1",90,15,"CENTRO COMERCIAL FOZ PLAZA - PATRACOL - BUARCOS",605
349,"CINEMA FOZ PLAZA - SALA 2",137,15,"CENTRO COMERCIAL FOZ PLAZA - PATRACOL - BUARCOS",605
350,"CINEMA FOZ PLAZA - SALA 3",137,15,"CENTRO COMERCIAL FOZ PLAZA - PATRACOL - BUARCOS",605
351,"CINEMA FOZ PLAZA - SALA 4",140,15,"CENTRO COMERCIAL FOZ PLAZA PATRACOL - BUARCOS",605
352,"CINEMA FOZ PLAZA - SALA 5",132,15,"CENTRO COMERCIAL FOZ PLAZA - PATRACOL - BUARCOS",605
353,"GRANDE AUDITÓRIO CENTRO ARTES ESPECT. FIGUEIRA FOZ",800,7,"RUA ABADE PEDRO",605
354,"PEQUENO AUDITÓRIO CENTRO ARTES ESPECT.FIGUEIRA FOZ",200,7,"RUA ABADE PEDRO",605
355,"RESTAURANTE/CAFÉ CONCERTO DO CASINO DA FIGUEIRA...",132,16,"RUA BERNARDO LOPES",605
356,"TEATRO ESTHER DE CARVALHO",138,14,"MONTEMOR-O-VELHO",610
357,"AUDITÓRIO MUNICIPAL DA BATALHA",178,7,"RUA INFANTE D. FERNANDO",1004
358,"CINE TEATRO MONTE REAL",237,14,"R DR OLIVEIRA SALAZAR",1009
359,"TEATRO JOSÉ LÚCIO DA SILVA",729,14,"R DR AMÉRICO CORTEZ PINTO",1009
360,"AUDITÓRIO DO ORFEÃO CONSERVATÓRIO DE ARTES",244,7,"AV 25 DE ABRIL",1009
361,"TEATRO MIGUEL FRANCO",213,14,"RUA DR. CORREIA MATEUS",1009
362,"CINEMA CITY LEIRIA - SALA 1",272,15,"BARRUIVO",1009
363,"CINEMA CITY LEIRIA - SALA 2",194,15,"BARRUIVO - LEIRIA",1009
364,"CINEMA CITY LEIRIA - SALA 3",262,15,"BARRUIVO - LEIRIA",1009
365,"CINEMA CITY LEIRIA - SALA 4",238,15,"BARRUIVO - LEIRIA",1009
366,"CINEMA CITY LEIRIA - SALA 5",129,15,"BARRUIVO - LEIRIA",1009
367,"CINEMA CITY LEIRIA - SALA 6",133,15,"BARRUIVO - LEIRIA",1009
368,"CINEMA CITY LEIRIA - SALA 7",248,15,"BARRUIVO - LEIRIA",1009
369,"CINEMA CITY LEIRIA - SALA DYNAMIC",30,15,"BARRUIVO - LEIRIA",1009
370,"CINE PLACE LEIRIA SHOPPING - SALA 1",226,15,"CENTRO COMERCIAL LEIRIA SHOPPING -  FREGUESIA DE PARCEIROS - LEIRIA",1009
371,"CINE PLACE LEIRIA SHOPPING - SALA 2",211,15,"CENTRO COMERCIAL LEIRIA SHOPPING - FREGUESIA DE PARCEIROS - LEIRIA",1009
372,"CINE PLACE LEIRIA SHOPPING - SALA 3",121,15,"CENTRO COMERCIAL LEIRIA SHOPPING - FREGUESIA DE PARCEIROS - LEIRIA",1009
373,"CINE PLACE LEIRIA SHOPPING - SALA 4",97,15,"CENTRO COMERCIAL LEIRIA SHOPPING - FREGUESIA DE PARCEIROS - LEIRIA",1009
374,"CINE PLACE LEIRIA SHOPPING - SALA 5",83,15,"CENTRO COMERCIAL LEIRIA SHOPPING - FREGUESIA DE PARCEIROS - LEIRIA",1009
375,"CINE PLACE LEIRIA SHOPPING - SALA 6",103,15,"CENTRO COMERCIAL LEIRIA SHOPPING - FREGUESIA DE PARCEIROS - LEIRIA",1009
376,"CINE PLACE LEIRIA SHOPPING - SALA 7",130,15,"CENTRO COMERCIAL LEIRIA SHOPPING - FREGUESIA DE PARCEIROS - LEIRIA",1009
377,"CINE TEATRO ACTOR ÁLVARO",159,14,"LG DA REPÚBLICA",1010
378,"CINETEATRO STEPHENS",413,14,"PRAÇA STEPHENS",1010
379,"AUDITÓRIO ANTÓNIO CAMPOS",197,17,"PRAIA DE VIEIRA",1010
380,"PRAÇA DE TOIROS DE ABIUL",3611,18,"LARGO DA PRAÇA DE TOUROS",1015
381,"CINEMA POMBALCINE",192,17,"R STA LUZIA POMBALSHOPPING",1015
382,"AUDITÓRIO MUNICIPAL DE POMBAL",240,7,"LARGO DA BIBLIOTECA",1015
383,"GRANDE AUDITÓRIO DO CINE TEATRO DE POMBAL",304,7,"LARGO MANUEL HENRIQUES JÚNIOR",1015
384,"PEQUENO AUDITÓRIO DO CINE TEATRO DE POMBAL",130,7,"LARGO MANUEL HENRIQUES JÚNIOR",1015
385,"CAFÉ-CONCERTO DO CINE-TEATRO DE POMBAL",150,2,"LARGO MANUEL HENRIQUES JÚNIOR",1015
386,"CINE TEATRO DE PORTO DE MÓS",277,14,"AVENIDA DR. FRANCISCO SÁ CARNEIRO",1016
387,"AUDITÓRIO CENTRO INTERPRET..BATALHA ALJUBARROTA",96,7,"AVENIDA D. NUNO ÁLVARES PEREIRA, nº.  120",1016
388,"CASA DO POVO DE ARGANIL-SEDE",308,3,"R CONDESSA DAS CANAS",601
389,"SALÃO DE FESTAS DA ASSOC DE MORAD CASAL DE S JOÃO",150,3,"VILA COVA DE ALVA",601
390,"AUDITÓRIO DA ANTIGA CERÂMICA ARGANILENSE",252,7,"RUA CIDADE DO RIO DE JANEIRO",601
391,"AUDITÓRIO DA CASA DA CULTURA DE GÓIS",276,8,"RUA COMANDANTE HENRIQUE BEBIANO BAETA NEVES",606
392,"CINE TEATRO MUNICIPAL DA LOUSÃ",500,14,"AVENIDA DR. JOSÉ MARIA CARDOSO",607
393,"CINEMA MIRANDA DO CORVO",266,17,"RUA DA ESTAÇÃO",609
394,"CASA DAS ARTES DE MIRANDA DO CORVO",266,8,"ALAMEDA DAS MOITAS",609
395,"AUDITÓRIO DA BIBLIOTECA MUNICIPAL DE PENELA",147,7,"AVENIDA INFANTE D. PEDRO",614
396,"AUDITÓRIO MUNICIPAL DE TÁBUA",286,7,"AVENIDA COMENDADOR COSTA CARVALHO",616
397,"CINE TEATRO JOSÉ MENDES DE CARVALHO",292,14,"R JOSÉ MENDES DE CARVALHO",1002
398,"AUDITÓRIO MUNICIPAL DE ALVAIÁZERE",154,7,"PÇ COMENDADOR CESÁRIO NEVES",1002
399,"CENTRO CULTURAL DE ANSIÃO",220,8,"RUA DR. VITORINO MAGALHÃES",1003
400,"CLUBE FIGUEIROENSE-SEDE",175,3,"R DR MANUEL SIMÕES BARREIROS",1008
401,"AUDITÓRIO MUNICIPAL DE AGUIAR DA BEIRA",213,7,"AVENIDA DA LIBERDADE",901
402,"TEATRO REGIONAL SERRA MONTEMURO - ESPAÇO MONTEMURO",90,1,"RUA DA MOUTINHA, CAMPO BENFEITO - CASTRO DAIRE",1803
403,"AUDITÓRIO DO COMPLEXO PAROQUIAL DE MANGUALDE",352,7,"LARGO DA MISERICÓRDIA",1806
404,"CINE TEATRO MUNICIPAL DE NELAS",219,14,"NELAS",1809
405,"CINE TEATRO DR. MORGADO",200,14,"AVENIDA DOS DESCOBRIMENTOS",1810
406,"SALA POLIVALENTE DO CINE TEATRO DR MORGADO",150,8,"AV DOS DESCOBRIMENTOS",1810
407,"AUDITÓRIO MUNICIPAL DA CASA CULT SANTA COMBA DÃO",270,7,"RUA MOUZINHO DE ALBUQUERQUE",1814
408,"CINE TEATRO SÃO PEDRO DO SUL",200,14,"AV CORREIA DE OLIVEIRA",1816
409,"CINE TEATRO MUNICIPAL DE SÁTÃO",225,14,"PRAÇA  PAULO VI",1817
410,"AUDITÓRIO 1 NOVO CICLO / ACERT",278,7,"RUA DR. RICARDO MOTA",1821
411,"AUDITÓRIO 2 NOVO CICLO / ACERT",116,7,"RUA DR. RICARDO MOTA",1821
412,"AUDITÓRIO AR LIVRE / NOVO CICLO - ACERT",500,7,"RUA DR. RICARDO MOTA",1821
413,"AUDITÓRIO MUNICIPAL CARLOS PAREDES",214,7,"PRAÇA D. AFONSO HENRIQUES N.º 1",1822
414,"AUDITÓRIO MIRITA CASIMIRO",208,7,"R FRANCISCO ALEXANDRE LOBO 53",1823
415,"TEATRO VIRIATO",322,14,"AVENIDA  EMÍDIO NAVARRO",1823
416,"CINEMA FORUM VISEU - SALA 1",127,15,"CENTRO COMERCIAL FORUM VISEU",1823
417,"CINEMA FORUM VISEU - SALA 2",123,15,"CENTRO COMERCIAL FORUM VISEU",1823
418,"CINEMA FORUM VISEU - SALA 3",232,15,"CENTRO COMERCIAL FORUM VISEU",1823
419,"CINEMA FORUM VISEU - SALA 4",125,15,"CENTRO COMERCIAL FORUM VISEU",1823
420,"CINEMA FORUM VISEU - SALA 5",125,15,"CENTRO COMERCIAL FORUM VISEU",1823
421,"CINEMA FORUM VISEU - SALA 6",176,15,"CENTRO COMERCIAL FORUM VISEU",1823
422,"CINEMAS PALÁCIO DO GELO - SALA 1",218,15,"QUINTA DA ALAGOA LOTE 313 - RANHADOS",1823
423,"CINEMAS PALÁCIO DO GELO - SALA 2",112,15,"QUINTA DA ALAGOA LOTE 313 - RANHADOS",1823
424,"CINEMAS PALÁCIO DO GELO - SALA 3",112,15,"QUINTA DA ALAGOA LOTE 313 - RANHADOS",1823
425,"CINEMAS PALÁCIO DO GELO - SALA 4",111,15,"QUINTA DA ALAGOA LOTE  313 - RANHADOS",1823
426,"CINEMAS PALÁCIO DO GELO - SALA 5",188,15,"QUINTA DA ALAGOA LOTE 313 - RANHADOS",1823
427,"CINEMAS PALÁCIO DO GELO - SALA 6",156,15,"QUINTA DA ALAGOA LOTE 313 - RANHADOS",1823
428,"CINE TEATRO JOÃO RIBEIRO",176,14,"R COMENDADOR CORREIA OLIVEIRA",1824
429,"CASA DA CULTURA DE OLEIROS",82,17,"PRAÇA DA REPÚBLICA - VILA OLEIROS",506
430,"AUDITÓRIO DA CÂMARA MUNICIPAL DE PROENÇA-A-NOVA",162,7,"RUA MANUEL MARTINS DE ÉVORA",508
431,"CINE TEATRO TASSO",165,14,"LARGO DR JOSÉ CARLOS ERNARDT, 3",509
432,"CASA DO ESPECTÁCULO E DA CULTURA DA SERTÃ",240,8,"ALAMEDA DA CARVALHA",509
433,"AUDITÓRIO MUNICIPAL DE VILA DE REI",224,7,"AVENIDA DR. SÁ CARNEIRO",510
434,"TEATRO CINE DE GOUVEIA",344,14,"AVENIDA 1.º DE MAIO",906
435,"CINE TEATRO JARDIM DA CASA MUNICIPAL DA CULTURA",348,14,"AVENIDA LUÍS VAZ DE CAMÕES",912
436,"PRAÇA DE TOIROS DE NAVE DE HAVER",2000,18,"NAVE DE HAVER",902
437,"AUDITÓRIO DA ÁREA MULTIUSOS DE VILAR FORMOSO",198,7,"VIA ESTRUTURANTE",902
438,"CENTRO CULTURAL DE CELORICO DA BEIRA",250,3,"AVENIDA DA CORREDOURA",903
439,"AUDITÓRIO MUNICIPAL DA GUARDA",224,7,"RUA DA REPÚBLICA",907
440,"AUDITÓRIO DE FAMALICÃO DA SERRA",201,7,"FAMALICÃO",907
441,"AUDITÓRIO DO EDIFÍCIO CULTURAL EM GONÇALO",195,7,"URBANIZAÇÃO SERRADO SOL",907
442,"TEATRO MUNICIPAL DA GUARDA-GRANDE AUDITÓRIO",632,7,"RUA BATALHA REIS, N.º 12",907
443,"TEATRO MUNICIPAL DA GUARDA-PEQUENO AUDITÓRIO",168,7,"RUA BATALHA REIS, N.º 12",907
444,"TEATRO MUNICIPAL DA GUARDA-CAFÉ CONCERTO",115,2,"GUARDA",907
445,"SALA EXPERIMENTAL TEATRO MUNICIPAL DA GUARDA",50,8,"GUARDA",907
446,"AUDITÓRIO DO PAÇO DA CULTURA",120,7,"R ALVES ROÇADAS",907
447,"AUDITÓRIO AO AR LIVRE DO PAÇO DA CULTURA",50,7,"R ALVES ROÇADAS",907
448,"CINEMA ORIENT CINEPLACE DA GUARDA - SALA 1",95,15,"AV BOMBEIROS VOLUNTÁRIOS EGITANENSES  5",907
449,"CINEMA ORIENT CINEPLACE DA GUARDA - SALA 2",62,15,"AV BOMBEIROS VOLUNTÁRIOS EGITANENSES  5",907
450,"CINEMA ORIENT CINEPLACE DA GUARDA - SALA 3",118,15,"AV BOMBEIROS VOLUNTÁRIOS EGITANENSES  5",907
451,"CINEMA ORIENT CINEPLACE DA GUARDA - SALA 4",76,15,"AV BOMBEIROS VOLUNTÁRIOS EGITANENSES  5",907
452,"AUDITÓRIO DO CENTRO CÍVICO",322,7,"MANTEIGAS",908
453,"SALA POLIVALENTE DO CENTRO CÍVICO E SOCIAL DE MEDA",400,8,"AVENIDA CIDADE NOVA - BAIRRO DO BARROCAL",909
454,"CINE ESTUDIO DO CENTRO CÍVICO E SOCIAL DE MEDA",198,17,"AVENIDA CIDADE NOVA - BAIRRO DO BARROCAL",909
455,"CINE TEATRO S LUIS",169,14,"JARDIM 5 DE OUTUBRO",910
456,"PRAÇA DE TOIROS DE ALDEIA DA PONTE",4586,18,"ALDEIA DA PONTE",911
457,"AUDITÓRIO MUNICIPAL DO SABUGAL",181,7,"LARGO DE SÃO TIAGO",911
458,"CINEMA MUNICIPAL DE TRANCOSO",152,17,"AVENIDA CAMPO DA FEIRA",913
459,"GRANDE AUDITÓRIO CINE-TEATRO AVENIDA",700,7,"AVENIDA GENERAL HUMBERTO DELGADO",502
460,"PEQUENO AUDITÓRIO CINE-TEATRO AVENIDA",120,7,"AVENIDA GENERAL HUMBERTO DELGADO",502
461,"AUDITÓRIO DO CENTRO CULTURAL DE ALCAINS",227,7,"RUA DR VICENTE SANCHES",502
462,"AUDITÓRIO INST. PORTUGUÊS JUVENTUDE CASTELO BRANCO",100,7,"RUA DR. FRANCISCO J. PALMEIRO",502
463,"CINEMAS CINEBOX DE CASTELO BRANCO - SALA 1",152,15,"RUA A ZONA INDUSTRIAL DE CASTELO BRANCO - CENTRO COMERCIAL ALEGRO",502
464,"CINEMAS CINEBOX DE CASTELO BRANCO - SALA 2",91,15,"RUA A ZONA INDUSTRIAL DE CASTELO BRANCO - CENTRO COMERCIAL ALEGRO",502
465,"CINEMAS CINEBOX DE CASTELO BRANCO - SALA 3",88,15,"RUA A ZONA INDUSTRIAL DE CASTELO BRANCO - CENTRO COMERCIAL ALEGRO",502
466,"PRAÇA DE TOIROS ANTÓNIO MANZARRA DE IDANHA-A-NOVA",2091,18,"RUA DO TINTO - ALTO DO FERREIRO",505
467,"AUDITÓRIO JOAQUIM MORÃO DO CENTRO CULTURAL RAIANO",260,7,"AVENIDA. JOAQUIM MORÃO",505
468,"AUDITÓRIO DA CASA DE ARTES E CULTURA DO TEJO",222,7,"RUA DE SANTANA",511
469,"AUDITÓRIO MUNICIPAL DE BELMONTE",158,7,"RUA PEDRO ÁLVARES CABRAL",501
470,"ANFITEATRO AO AR LIVRE DO CASTELO DE BELMONTE",963,10,"BELMONTE",501
471,"CINEPLACE SERRA SHOPPING - SALA 1",200,15,"SERRA SHOPPING - QUINTA DO PINHEIRO",503
472,"CINEPLACE SERRA SHOPPING - SALA 2",183,15,"SERRA SHOPPING - QUINTA DO PINHEIRO",503
473,"CINEPLACE SERRA SHOPPING - SALA 3",119,15,"SERRA SHOPPING - QUINTA DO PINHEIRO",503
474,"CINEPLACE SERRA SHOPPING - SALA 4",91,15,"SERRA SHOPPING - QUINTA DO PINHEIRO",503
475,"CINE TEATRO DE ALCOBAÇA JOÃO DE OLIVA MONTEIRO",315,14,"RUA AFONSO DE ALBUQUERQUE",1001
476,"AUDITÓRIO DO CENTRO CULTURAL GONÇALVES SAPINHO",370,7,"RUA COOPERATIVA DO ENSINO -  ALCOBAÇA",1001
477,"TEATRO EDUARDO BRAZÃO",298,1,"RUA D. NUNO ÁLVARES PEREIRA",1005
478,"PRAÇA DE TOIROS DE CALDAS DA RAINHA",3194,18,"CALDAS DA RAINHA",1006
479,"AUDITÓRIO OS PIMPÕES",309,3,"RUA DR FERNANDO CORREIA - BAIRRO ALÉM DA PONTE",1006
480,"GRANDE AUDITÓRIO DO CENTRO CULTURAL E CONGRESSOS",660,7,"R LEONEL SOTTO MAYOR",1006
481,"PEQUENO AUDITÓRIO DO CENTRO CULTURAL E CONGRESSOS",148,7,"R LEONEL SOTTO MAYOR",1006
482,"CAFÉ CONCERTO DO CENTRO CULTURAL E CONGRESSOS",140,2,"R LEONEL SOTTO MAYOR",1006
483,"CINEMA ORIENT CINEPLACE - CALDAS RAINHA - SALA 1",103,15,"RUA BELCHIOR DE MATOS  11",1006
484,"CINEMA ORIENT CINEPLACE - CALDAS RAINHA - SALA 2",73,15,"R BELCHIOR DE MATOS  11",1006
485,"CINEMA ORIENT CINEPLACE - CALDAS RAINHA - SALA 3",162,15,"R BELCHIOR DE MATOS  11",1006
486,"CINEMA ORIENT CINEPLACE - CALDAS RAINHA - SALA 4",93,15,"R BELCHIOR DE MATOS  11",1006
487,"CINEMA ORIENT CINEPLACE - CALDAS RAINHA - SALA 5",56,15,"R BELCHIOR DE MATOS  11",1006
488,"CINE TEATRO DA NAZARÉ",432,14,"RUA DR. RUY ROSA",1011
489,"TEATRO CHABY PINHEIRO",322,1,"LARGO NOSSA SENHORA DA NAZARÉ - SÍTIO DA NAZARÉ",1011
490,"PRAÇA DE TOIROS DO SÍTIO DA NAZARÉ",4306,18,"LUGAR DO SÍTIO",1011
491,"CLUBE RECREATIVO BENEFICENTE VALADENSE",248,3,"VALADO DOS FRADES",1011
492,"CASA DA MÚSICA DE ÓBIDOS",196,7,"RUA DIREITA",1012
493,"AUDITÓRIO DAMIÃO DE GÓIS",268,7,"AV DOS BOMBEIROS VOLUNTÁRIOS",1101
494,"SALÃO FESTAS GRUPO REC CULT OS ÁGUIAS DE RIBAFRIA",200,3,"RIBAFRIA",1101
495,"PRAÇA DE TOIROS DE ARRUDA DOS VINHOS",2536,18,"ARRUDA DOS VINHOS",1102
496,"AUDITÓRIO MUNICIPAL DE ARRUDA DOS VINHOS",111,7,"RUA GAGO COUTINHO E SACADURA CABRAL",1102
497,"CINE AUDITÓRIO DOS BOMBEIROS VOLUNTÁRIOS CADAVAL",167,14,"AV DOS BOMBEIROS VOLUNTÁRIOS  19/21",1104
498,"CENTRO CULTURAL DA LOURINHÃ DR. AFONSO R. PEREIRA",107,8,"RUA JOÃO LUÍS DE MOURA, N.º 60",1108
499,"CINE TEATRO DE SOBRAL DE MONTE AGRAÇO",219,14,"LG GAGO COUTINHO E SACADURA CABRAL",1112
500,"PRAÇA DE TOIROS DE SOBRAL DE MONTE AGRAÇO",2397,18,"RUA TENENTE CORONEL JOÃO LUIS DE MOURA",1112
501,"TEATRO CINE FERREIRA DA SILVA",440,14,"AVENIDA TENENTE VALADIM  Nº. 47",1113
502,"CINEMA ZON LUSOMUNDO TORRES VEDRAS - SALA 1",201,15,"C.C. ARENA SHOPPING CASAL DOS AMIAIS",1113
503,"CINEMA ZON LUSOMUNDO TORRES VEDRAS - SALA 2",173,15,"C.C. ARENA SHOPPING CASAL DOS AMIAIS",1113
504,"CINEMA ZON LUSOMUNDO TORRES VEDRAS - SALA 3",73,15,"C.C. ARENA SHOPPING CASAL DOS AMIAIS",1113
505,"CINEMA ZON LUSOMUNDO TORRES VEDRAS - SALA 4",73,15,"C.C. ARENA SHOPPING CASAL DOS AMIAIS",1113
506,"CINEMA ZON LUSOMUNDO TORRES VEDRAS - SALA 5",201,15,"C.C. ARENA SHOPPING CASAL DOS AMIAIS",1113
507,"CINE TEATRO SÃO PEDRO",472,14,"LARGO DE SÃO PEDRO",1401
508,"CINEMA GESCINE - ABRANTES",121,17,"URB DO OLIVAL DE BASTO LT 82 - ABRANTES - CENTRO COM MILLENIUM",1401
509,"CINE TEATRO SÃO PEDRO",304,14,"RUA 25 DE ABRIL",1402
510,"CENTRO CULTURAL DO ENTRONCAMENTO",348,8,"RUA 5 DE OUTUBRO",1410
511,"AUDITÓRIO MUNICIPAL DO ENTRONCAMENTO",121,6,"RUA DOM JOÃO DE CASTRO  30 A 34",1410
512,"CINE-TEATRO IVONE SILVA",155,14,"RUA MANUEL ANTÓNIO DIAS FERREIRA",1411
513,"AUDITÓRIO DO CENTRO CULTURAL FERREIRA DO ZÊZERE",298,7,"RUA FERREIRA DO ALENTEJO",1411
514,"AUDITÓRIO DO CENTRO CULTURAL GIL VICENTE",202,7,"AVENIDA D. JOÃO III",1417
515,"CINE TEATRO PARAÍSO",410,14,"R DA INFANTARIA 15-31",1418
516,"PRAÇA DE TOIROS JOSÉ SALVADOR - TOMAR",4462,18,"RUA  DE  COIMBRA",1418
517,"CINE TEATRO VIRGÍNIA",599,14,"LARGO JOSÉ  LOPES DOS SANTOS",1419
518,"CINE ESTUDIO ALFA",168,17,"LG DA PRAÇA 5 DE OUTUBRO",1419
519,"CINEMAS TORRESHOPPING - SALA 1",142,15,"CENTRO COMERCIAL TORRESHOPPING, BAIRRO DO NICHO",1419
520,"CINEMAS TORRESHOPPING - SALA 2",87,15,"CENTRO COMERCIAL TORRESHOPPING, BAIRRO DO NICHO",1419
521,"CINEMAS TORRESHOPPING - SALA 3",143,15,"CENTRO COMERCIAL TORRESHOPPING, BAIRRO DO NICHO",1419
522,"TEATRO MARIA NOÉMIA",99,1,"RUA DA TUNA - MEIA VIA",1419
523,"PRAÇA DE TOIROS DE VILA NOVA DA BARQUINHA",3580,18,"VILA NOVA DA BARQUINHA",1420
524,"CINE TEATRO MUNICIPAL DE OURÉM",488,14,"RUA  DR. FRANCISCO SÁ CARNEIRO",1421
525,"CINEMA ATLÂNTIDA CINE - SALA 1",211,15,"RUA DR MANUEL ARRIAGA-CENTRO COMERCIAL DE CARCAVELOS",1105
526,"CINEMA ATLÂNTIDA CINE - SALA 2",83,15,"RUA DR MANUEL ARRIAGA-CENTRO COMERCIAL DE CARCAVELOS",1105
527,"SEDE DO GIPA-GRUPO DE INSTRUÇÃO POPULAR AMOREIRA",325,3,"RUA DO GRUPO DE INSTRUÇÃO POPULAR DA AMOREIRA",1105
528,"SALA DE ESPECTÁCULOS SOC. MUSICAL UNIÃO PAREDENSE",250,8,"RUA MARQUÊS DE POMBAL 21",1105
529,"TEATRO GIL VICENTE",283,1,"LARGO  RODRIGUES LIMA",1105
530,"TEATRO MUNICIPAL MIRITA CASIMIRO",98,1,"AVENIDA FAUSTO DE FIGUEIREDO - ESTORIL",1105
531,"CINEMA CASCAISHOPPING - SALA 1",177,15,"CENTRO COMERCIAL CASCAISHOPPING-ALCABIDECHE",1105
532,"CINEMA CASCAISHOPPING - SALA 2",137,15,"CENTRO COMERCIAL CASCAISHOPPING-ALCABIDECHE",1105
533,"CINEMA CASCAISHOPPING - SALA 3",182,15,"CENTRO COMERCIAL CASCAISHOPPING-ALCABIDECHE",1105
534,"CINEMA CASCAISHOPPING - SALA 4",181,15,"CENTRO COMERCIAL CASCAISHOPPING-ALCABIDECHE",1105
535,"CINEMA CASCAISHOPPING - SALA 5",469,15,"CENTRO COMERCIAL CASCAISHOPPING-ALCABIDECHE",1105
536,"CINEMA CASCAISHOPPING - SALA 6",99,15,"CENTRO COMERCIAL CASCAISHOPPING-ALCABIDECHE",1105
537,"CINEMA CASCAISHOPPING - SALA 7",99,15,"CENTRO COMERCIAL CASCAISHOPPING-ALCABIDECHE",1105
538,"AUDITÓRIO FERNANDO LOPES GRAÇA / PARQUE PALMELA",712,7,"AVENIDA MARGINAL PARQUE PALMELA",1105
539,"AUDITÓRIO CENTRO DE CONGRESSOS DO ESTORIL",573,7,"AVENIDA AMARAL / AVENIDA CLOTILDE - ESTORIL",1105
540,"AUDITÓRIO DO CASINO DO ESTORIL",385,7,"PRAÇA JOSÉ TEODORO DOS SANTOS - ESTORIL",1105
541,"SALÃO PRETO E PRATA DO CASINO DO ESTORIL",927,16,"PRAÇA JOSÉ TEODORO DOS SANTOS - ESTORIL",1105
542,"WONDER BAR - CASINO DO ESTORIL",200,16,"PRAÇA JOSÉ TEODORO DOS SANTOS - ESTORIL",1105
543,"GARDEN - CASINO ESTORIL",500,16,"PC JOSÉ TEODORO DO SANTOS",1105
544,"CINEMA CASCAIS VILLA-SHOPPING CENTER - SALA 1",138,15,"AVENIDA DOM PEDRO I",1105
545,"CINEMA CASCAIS VILLA-SHOPPING CENTER - SALA 2",71,15,"AVENIDA DOM PEDRO I",1105
546,"CINEMA CASCAIS VILLA-SHOPPING CENTER - SALA 3",85,15,"AVENIDA DOM PEDRO I",1105
547,"CINEMA CASCAIS VILLA-SHOPPING CENTER - SALA 4",87,15,"AVENIDA DOM PEDRO I",1105
548,"CENTRO CULTURAL DE CASCAIS",144,8,"EDIFÍCIO DAS CASAS VELHAS DO GANDARINHA DE CASCAIS",1105
549,"AUDITÓRIO DA CASA DE HISTÓRIA DESENHO - PAULA REGO",196,7,"AVENIDA DA REPÚBLICA",1105
550,"AUDITÓRIO SENHORA DA BOA NOVA",607,7,"RUA CAMPO SANTO, Nº. 441 S. JOÃO DO ESTORIL",1105
551,"TEATRO VILLARET",324,1,"AV FONTES PEREIRA DE MELO 30",1106
552,"TEATRO DA TRINDADE - SALA PRINCIPAL",453,1,"RUA DA TRINDADE",1106
553,"SALA ESTÚDIO DO TEATRO DA TRINDADE",50,5,"RUA DA TRINDADE",1106
554,"TEATRO BAR DO TEATRO DA TRINDADE",50,2,"RUA DA TRINDADE",1106
555,"CINEMA IDEAL",192,17,"RUA DO LORETO  15",1106
556,"CINEARTE - SALA 1",162,14,"LARGO DE SANTOS  2",1106
557,"CINEBOLSO",136,17,"RUA ACTOR TABORDA  27B",1106
558,"COLISEU DOS RECREIOS",4220,4,"RUA DAS PORTAS DE SANTO ANTÃO 94 A 98",1106
559,"CINE TEATRO DA ENCARNAÇÃO",364,14,"RUA DA QUINTA DE STA MARIA-BAIRRO ENCARNAÇÃO",1106
560,"SALA ESTÚDIO OS PAPA LÉGUAS",40,5,"RUA PROFESSOR SANTOS LUCAS 36A",1106
561,"CINEMA NIMAS",221,17,"AV 5 DE OUTUBRO 42B",1106
562,"AUDITÓRIO CARLOS PAREDES",116,7,"AVENIDA GOMES PEREIRA  17",1106
563,"TEATRO POLITEAMA",700,14,"RUA DAS PORTAS DE SANTO ANTÃO  109",1106
564,"TEATRO TURIM",105,1,"ESTRADA DE BENFICA  723A",1106
565,"TEATRO MUNICIPAL SÃO LUIZ",690,1,"RUA ANTÓNIO MARIA CARDOSO",1106
566,"JARDIM DE INVERNO DO TEATRO SÃO LUIZ",170,8,"RUA ANTÓNIO MARIA CARDOSO",1106
567,"TEATRO TIVOLI BBVA",1088,14,"AVENIDA DA LIBERDADE  188",1106
568,"CINEMA SÃO JORGE (SALA MANOEL DE OLIVEIRA) SALA 1",830,15,"AVENIDA DA LIBERDADE 175",1106
569,"CINEMA SÃO JORGE (SALA MONTEPIO) SALA 2",250,15,"AVENIDA DA LIBERDADE 175",1106
570,"CINEMA SÃO JORGE - SALA 3",185,15,"AVENIDA DA LIBERDADE 175",1106
571,"CINEMA AMOREIRAS - SALA 1",196,15,"AV ENG DUARTE PACHECO-CENTRO COMERCIAL AMOREIRAS",1106
572,"CINEMA AMOREIRAS - SALA 2",154,15,"AV ENG DUARTE PACHECO-CENTRO COMERCIAL AMOREIRAS",1106
573,"CINEMA AMOREIRAS - SALA 3",156,15,"AV ENG DUARTE PACHECO-CENTRO COMERCIAL AMOREIRAS",1106
574,"CINEMA AMOREIRAS - SALA VIP 1",55,15,"AV ENG DUARTE PACHECO-CENTRO COMERCIAL AMOREIRAS",1106
575,"CINEMA AMOREIRAS - SALA VIP 2",68,15,"AV ENG DUARTE PACHECO-CENTRO COMERCIAL AMOREIRAS",1106
576,"CINEMA AMOREIRAS - SALA VIP 3",65,15,"AV ENG DUARTE PACHECO-CENTRO COMERCIAL AMOREIRAS",1106
577,"CINEMA AMOREIRAS - SALA VIP 4",64,15,"AV ENG DUARTE PACHECO-CENTRO COMERCIAL AMOREIRAS",1106
578,"CASA DE FADOS PARREIRINHA DE ALFAMA",60,9,"BECO DO ESPÍRITO SANTO 1",1106
579,"CAIXA ECONÓMICA OPERÁRIA-SEDE",150,3,"RUA VOZ DO OPERÁRIO  58-66",1106
580,"SALA DE TEATRO DO CLUBE ESTEFÂNIA",127,3,"RUA ALEXANDRE BRAGA  24A",1106
581,"PRAÇA DE TOIROS CAMPO PEQUENO (RECINTO MULTIUSOS)",9269,11,"CAMPO PEQUENO",1106
582,"SALÃO DE FESTAS SOC INST BENEF VOZ DO OPERÁRIO",912,3,"RUA VOZ DO OPERÁRIO  13",1106
583,"CASA DE FADOS TAVERNA DEL REY",49,9,"LARGO DO CHAFARIZ DE DENTRO 15",1106
584,"ADEGA MESQUITA",160,9,"RUA DO DIÁRIO DE NOTÍCIAS 107",1106
585,"CASA DE FADOS O FORCADO",170,9,"RUA DA ROSA 221",1106
586,"CASA DE FADOS ADEGA MACHADO",172,9,"RUA DO NORTE 91",1106
587,"CASA DE FADOS O FAIA",120,9,"RUA DA BARROCA 48-56",1106
588,"RESTAURANTE TÍPICO FESTA BRAVA",100,9,"PRAÇA DA ALEGRIA  38 CAVE",1106
589,"CASA DE FADOS CAFÉ LUSO",160,9,"TRAVESSA DA QUEIMADA 10",1106
590,"CASA DE FADOS LISBOA À NOITE",180,9,"RUA DAS GÁVEAS 69",1106
591,"CASA DE FADOS A SEVERA",120,9,"RUA DAS GÁVEAS 51-61",1106
592,"RESTAURANTE TÍPICO TIMPANAS",157,9,"RUA GILBERTO ROLA 22-24",1106
593,"HOT CLUBE DE PORTUGAL",140,8,"PRAÇA DA ALEGRIA  48",1106
594,"SOCIEDADE DE INSTRUÇÃO GUILHERME COSSOUL",70,3,"AVENIDA DOM CARLOS I  61  1º",1106
595,"CASA DE FADOS SENHOR VINHO",120,9,"RUA DO MEIO À LAPA 18-22",1106
596,"CASA DA COMÉDIA",60,1,"RUA SÃO FRANCISCO DE BORJA  22",1106
597,"TEATRO DA GRAÇA-VOZ DO OPERÁRIO",86,1,"TV S VICENTE 11",1106
598,"TEATRO MARIA VITÓRIA",592,1,"PARQUE MAYER",1106
599,"TEATRO MUNICIPAL MARIA MATOS",447,1,"AVENIDA FREI MIGUEL CONTREIRAS",1106
600,"CAFÉ CONCERTO DO TEATRO MUNICIPAL MARIA MATOS",80,2,"AVENIDA FREI MIGUEL CONTREIRAS",1106
601,"ACADEMIA DE SANTO AMARO",286,3,"RUA DA ACADEMIA RECREATIVA DE SANTO AMARO 9",1106
985,"PRAÇA DE TOIROS JOSÉ DE ALMEIDA - MOURA",3500,18,"AVENIDA SALÚQUIA, FREGUESIA DE S. JOÃO BATISTA",210
986,"PRAÇA DE TOIROS DA AMARELEJA",1652,18,"AMARELEJA",210
987,"PRAÇA DE TOIROS DA PÓVOA DE S MIGUEL - MOURA",1000,18,"PÓVOA DE S MIGUEL",210
988,"PRAÇA DE TOIROS DE SOBRAL DA ADIÇA",1000,18,"SOBRAL DA ADIÇA",210
989,"CINE TEATRO SOUSA TELLES",168,14,"PRAÇA D. DINIZ, OURIQUE",212
990,"PRAÇA DE TOIROS DR.ANTÓNIO AFONSO NOBRE SEMEDO",1600,18,"GARVÃO",212
991,"AUDITÓRIO DO CENTRO DE MÚSICA MUSIBÉRIA",140,7,"RUA AFONSO HENRIQUES DO PRADO CASTRO E LEMOS",213
992,"SALA PARA ESPECTÁCULOS CASA DO POVO AVEIRAS CIMA",450,3,"RUA 25 ABRIL N.º 13, 1º",1103
993,"CINEMA ATRIUM AZAMBUJA",104,17,"RUA ENGº MONIZ DA MAIA E RUA TEODORO JOSÉ DA SILVA FRACÇÃO R",1103
994,"PRAÇA DE TOIROS DR. ORTIGÃO COSTA - AZAMBUJA",2140,18,"CAMPO DA FEIRA DE MAIO",1103
995,"CINE TEATRO DE ALMEIRIM",268,14,"PRAÇA DA REPÚBLICA",1403
996,"PRAÇA DE TOIROS DE ALMEIRIM",5490,18,"ALMEIRIM",1403
997,"CINE TEATRO DE BENAVENTE",453,14,"PRAÇA DA REPÚBLICA",1405
998,"AUDITÓRIO DO CENTRO CULTURAL DE SAMORA CORREIA",300,7,"RUA DOS OPERÁRIOS AGRICOLAS",1405
999,"CINEMA AO AR LIVRE DO CINE TEATRO DE BENAVENTE",300,13,"PRAÇA DA REPÚBLICA",1405
1000,"GRANDE AUDITÓRIO DO CINE TEATRO MUNICIPAL CARTAXO",330,7,"RUA 5 DE OUTUBRO",1406
1001,"PEQUENO AUDITÓRIO DO CINE TEATRO MUNICIPAL CARTAXO",89,7,"RUA 5 DE OUTUBRO",1406
1002,"SALA DE ESP. SOC. FILARM. INCRIVEL PONTEVELENSE",144,8,"PONTEVEL",1406
1003,"PRAÇA DE TOIROS DO CARTAXO",3363,18,"LARGO VASCO DA GAMA",1406
1004,"PRAÇA DE TOIROS DA CHAMUSCA",2540,18,"RUA  DIREITA DE SÃO PEDRO",1407
1005,"CINE TEATRO DA CHAMUSCA",308,14,"LARGO 25 DE ABRIL, CHAMUSCA",1407
1006,"PRAÇA DE TOIROS DE CORUCHE",6024,18,"LARGO DO ROSSIO",1409
1007,"AUDITÓRIO MUNICIPAL DE CORUCHE",144,7,"PARQUE DO SORRAIA",1409
1008,"ANFITEATRO DO PARQUE DO SORRAIA",280,10,"PARQUE DO SORRAIA (ROSSIO)",1409
1009,"CINE-TEATRO / CASA DA CULTURA DE RIO MAIOR",250,14,"RUA 5 DE OUTUBRO",1414
1010,"PRAÇA DE TOIROS DE SALVATERRA DE MAGOS",3205,18,"SALVATERRA DE MAGOS",1415
1011,"TEATRO SÁ DA BANDEIRA",203,14,"RUA JOÃO AFONSO",1416
1012,"TEATRO DO CÍRCULO CULTURAL SCALABITANO",100,1,"R MAESTRO LUIS SILVEIRA",1416
1013,"PRAÇA DETOIROS MONUMENTAL CELESTINO GRAÇA-SANTARÉM",11438,18,"LARGO EMILIO INFANTE DA CÂMARA",1416
1014,"GRANDE AUDITÓRIO DA CNEMA",1206,7,"QTA DAS CEGONHAS LT 7",1416
1015,"PEQUENO AUDITÓRIO DA CNEMA",106,6,"QTA DAS CEGONHAS LT 7",1416
1016,"AUDITÓRIO DO CENTRO DE JUVENTUDE DE SANTARÉM",168,7,"AV GRUPO DE FORCADOS AMADORES DE SANTARÉM  1",1416
1017,"CINEMAS W SHOPPING - SALA 1",69,15,"LARGO CÂNDIDO DOS REIS",1416
1018,"CINEMAS W SHOPPING - SALA 2",75,15,"LARGO CÂNDIDO DOS REIS",1416
1019,"CINEMAS W SHOPPING - SALA 3",254,15,"LARGO CÂNDIDO DOS REIS",1416
1020,"CINEMAS W SHOPPING - SALA 4",131,15,"LARGO CÂNDIDO DOS REIS",1416
1021,"CINEMAS W SHOPPING - SALA 5",85,15,"LARGO CÂNDIDO DOS REIS",1416
1022,"CINEMAS W SHOPPING - SALA 6",158,15,"LARGO CÂNDIDO DOS REIS",1416
1023,"PRAÇA DE TOIROS DE ALBUFEIRA",3250,18,"AREIAS DE SÃO JOÃO",801
1024,"AUDITÓRIO DA CÂMARA MUNICIPAL DE ALBUFEIRA",368,7,"RUA DO MUNICÍPIO, CERRO DA ALAGOA",801
1025,"CINE PLACE ALGARVE SHOPPING - SALA 1",114,15,"CENTRO COMERCIAL ALGARVESHOPPING - GUIA",801
1026,"CINE PLACE ALGARVE SHOPPING - SALA 2",185,15,"CENTRO COMERCIAL ALGARVESHOPPING - GUIA",801
1027,"CINE PLACE ALGARVE SHOPPING - SALA 3",89,15,"CENTRO COMERCIAL ALGARVESHOPPING - GUIA",801
1028,"CINE PLACE ALGARVE SHOPPING - SALA 4",102,15,"CENTRO COMERCIAL ALGARVESHOPPING - GUIA",801
1029,"CINE PLACE ALGARVE SHOPPING - SALA 5",83,15,"CENTRO COMERCIAL ALGARVESHOPPING - GUIA",801
1030,"CINE PLACE ALGARVE SHOPPING - SALA 6",126,15,"CENTRO COMERCIAL ALGARVESHOPPING - GUIA",801
1031,"CINE PLACE ALGARVE SHOPPING - SALA 7",142,15,"CENTRO COMERCIAL ALGARVESHOPPING - GUIA",801
1032,"CINE PLACE ALGARVE SHOPPING - SALA 8",156,15,"CENTRO COMERCIAL ALGARVESHOPPING - GUIA",801
1033,"CINE PLACE ALGARVE SHOPPING - SALA 9",114,15,"CENTRO COMERCIAL ALGARVESHOPPING - GUIA",801
1034,"CINEMA OSSONOBA",200,7,"ESTOI",805
1035,"TEATRO LETHES",256,1,"RUA DR JUSTINO CÚMANO, Nº. 1",805
1036,"AUDITÓRIO INSTITUTO PORTUGUÊS DA JUVENTUDE (FARO)",135,7,"RUA DA P.S.P.",805
1037,"AUDITÓRIO PEDRO RUIVO/CONS.REG. DO ALGARVE",450,7,"AV DR JÚLIO FILIPE ALMEIDA CARRAPATO  93",805
1038,"TEATRO MUNICIPAL DE FARO / TEATRO DAS FIGURAS",794,1,"EN 125  HORTA DAS FIGURAS",805
1039,"PEQUENO AUDITÓRIO DO TEATRO DAS FIGURAS",148,8,"EN 125  HORTA DAS FIGURAS",805
1040,"COMPLEXO DE CINEMAS FORUM ALGARVE - SALA 1",150,15,"SÍTIO DA MÁ VONTADE",805
1041,"COMPLEXO DE CINEMAS FORUM ALGARVE - SALA 2",114,15,"SÍTIO DA MÁ VONTADE",805
1042,"COMPLEXO DE CINEMAS FORUM ALGARVE - SALA 3",193,15,"SÍTIO DA MÁ VONTADE",805
1043,"COMPLEXO DE CINEMAS FORUM ALGARVE - SALA 4",193,15,"SÍTIO DA MÁ VONTADE",805
1044,"COMPLEXO DE CINEMAS FORUM ALGARVE - SALA 5",302,15,"SÍTIO DA MÁ VONTADE",805
1045,"AUDITÓRIO DA UNIVERSIDADE DO ALGARVE",418,7,"UNIVERSIDADE DO ALGARVE, CAMPUS DE GAMBELAS",805
1046,"AUDITÓRIO MUNICIPAL DE LAGOA",298,7,"RUA DO CENTRO DE SAÚDE",806
1047,"AUDITÓRIO DO PAVILHÃO MULTIUSOS DO ARADE",1300,7,"SITIO DA PASSAGEM - PARCHAL",806
1048,"CINEMA LAGOSHOPPING - SALA 1",346,15,"RUA CÂNDIDO DOS REIS",807
1049,"CINEMA LAGOSHOPPING - SALA 2",94,15,"RUA CÂNDIDO DOS REIS",807
1050,"AUDITÓRIO MUNICIPAL AO AR LIVRE DE LAGOS",2500,10,"PARQUE DAS FREIRAS",807
1051,"AUDITÓRIO DO CENTRO CULTURAL DE LAGOS",288,7,"RUA LANÇAROTE DE FREITAS, Nº.7",807
1052,"CINE TEATRO LOULETANO",345,14,"AV JOSÉ DA COSTA MEALHA",808
1053,"SALA DE ESPECTÁCULOS DO CASINO DE VILAMOURA",400,16,"VILAMOURA",808
1054,"AUDITÓRIO MUNICIPAL DE OLHÃO",420,7,"RUA DIOGO DE MENDONÇA CORTE REAL",810
1055,"CINEMAS RIA SHOPPING - SALA 1",68,15,"CENTRO COMERCIAL E. N. 125, Nº. 100 - OLHÃO",810
1056,"CINEMAS RIA SHOPPING - SALA 2",61,15,"CENTRO COMERCIAL E.N. 125, Nº. 100 - OLHÃO",810
1057,"CINEMAS RIA SHOPPING - SALA 3",52,15,"CENTRO COMERCIAL E.N. 125, Nº. 100 - OLHÃO",810
1058,"AUDITÓRIO DA CÂMARA MUNICIPAL DE PORTIMÃO",960,7,"AVENIDA MIGUEL BOMBARDA",811
1059,"SALA DE ESPECTÁCULOS DO CASINO DA PRAIA DA ROCHA",220,16,"AVENIDA TOMÁS CABREIRA - PRAIA DA ROCHA",811
1060,"CINEPLACE CONTINENTE DE PORTIMÃO - SALA 1",181,15,"CENTRO COMERCIAL CONTINENTE",811
1061,"CINEPLACE CONTINENTE DE PORTIMÃO - SALA 2",126,15,"CENTRO COMERCIAL CONTINENTE",811
1062,"CINEPLACE CONTINENTE DE PORTIMÃO - SALA 3",111,15,"CENTRO COMERCIAL CONTINENTE",811
1063,"CINEPLACE CONTINENTE DE PORTIMÃO - SALA 4",111,15,"CENTRO COMERCIAL CONTINENTE",811
1064,"CINEPLACE CONTINENTE DE PORTIMÃO - SALA 5",126,15,"CENTRO COMERCIAL CONTINENTE",811
1065,"CINEPLACE CONTINENTE DE PORTIMÃO - SALA 6",181,15,"CENTRO COMERCIAL CONTINENTE",811
1066,"GRANDE AUDITÓRIO NUNO MERGULHÃO DO TEMPO",458,7,"LARGO  1º DEZEMBRO",811
1067,"PEQUENO AUDITÓRIO DO TEMPO",165,7,"LARGO  1º DEZEMBRO",811
1068,"CAFÉ CONCERTO DO TEMPO-TEATRO MUN. PORTIMÃO",150,2,"LARGO 1º. DEZEMBRO",811
1069,"AUDITÓRIO DO MUSEU MUNICIPAL DE PORTIMÃO",174,7,"ANTIGA FÁBRICA DO FEU - ESTRADA DA ROCHA",811
1070,"PAVILHÃO MULTIUSOS PORTIMÃO ARENA",8000,12,"CALDEIRA DO MOINHO",811
1071,"BLACK BOX DO TEMPO",50,8,"LARGO  1º DEZEMBRO",811
1072,"CINE TEATRO DE S BRÁS DE ALPORTEL",342,14,"AVENIDA DA LIBERDADE,  Nºs.  22 - 24",812
1073,"TEATRO GREGÓRIO MASCARENHAS - SALA PRINCIPAL",168,1,"RUA CÂNDIDO DOS REIS",813
1074,"PÁTIO DO TEATRO GREGÓRIO MASCARENHAS",150,10,"RUA CÂNDIDO DOS REIS",813
1075,"CINE TEATRO ANTÓNIO PINHEIRO",400,14,"R D MARCELINO FRANCO 10",814
1076,"CINEMA GRAN PLAZA - SALA 1",196,15,"RUA ALMIRANTE CÂNDIDO DOS REIS - TAVIRA",814
1077,"CINEMA GRAN PLAZA - SALA 2",141,15,"RUA ALMIRANTE CÂNDIDO DOS REIS - TAVIRA",814
1078,"CINEMA GRAN PLAZA - SALA 3",141,15,"RUA ALMIRANTE CÂNDIDO DOS REIS - TAVIRA",814
1079,"CINEMA GRAN PLAZA - SALA 4",141,15,"RUA ALMIRANTE CÂNDIDO DOS REIS - TAVIRA",814
1080,"CINEMA GRAN PLAZA - SALA 5",140,15,"RUA ALMIRANTE CÂNDIDO DOS REIS - TAVIRA",814
1081,"AUDITÓRIO DO CENTRO CULTURAL DE VILA DO BISPO",188,8,"LG DA CÂMARA MUNICIPAL",815
1082,"SALA DE ESPECTÁCULOS DO CASINO DE MONTE GORDO",250,16,"AVENIDA INFANTE DOM HENRIQUE, APARTADO 51",816
1083,"CINEMA DO GLÓRIA FUTEBOL CLUBE",175,17,"RUA DOM PEDRO V, Nº. 47",816
1084,"CENTRO CULTURAL ANTÓNIO ALEIXO",287,8,"R TEÓFILO BRAGA",816
